Home,Work,Other,Shopping,Community,Food,Entertainment,Travel,Outdoors,Nightlife,accuracy,macro avg,weighted avg
0.471875795367778,0.26130653266331655,0.6346666666666667,0.3559322033898305,0.32274143302180686,0.0,0.0,0.13559322033898305,0.024922118380062305,0.08092485549132947,0.3485342019543974,0.2287962825319773,0.31656579973878507
0.45893719806763283,0.37942716353557127,0.5597826086956521,0.3085483055134041,0.21324161650902837,0.0,0.0,0.07954545454545456,0.0,0.03785488958990536,0.34405594405594403,0.2037337236456649,0.3023921917943902
0.5272073921971252,0.37106496985934356,0.6184210526315789,0.3970964987190435,0.32791956689868523,0.0,0.0,0.17518248175182483,0.019728729963008628,0.0707070707070707,0.3946384039900249,0.250732776272768,0.35191564891036764
0.43574690150032613,0.3856056173200702,0.6370839936608559,0.39726877715704534,0.22001982160555006,0.0,0.0,0.07305936073059362,0.05974025974025974,0.12935323383084577,0.36308221319162237,0.23378779655455467,0.33030139720804647
0.5094124358243013,0.3495024875621891,0.5309090909090908,0.3492894540014959,0.20785219399538107,0.0,0.10738255033557047,0.3269230769230769,0.0,0.13970588235294118,0.36208248392661124,0.2520977171904047,0.3325602001876105
