Home,Work,Other,Shopping,Community,Food,Entertainment,Travel,Outdoors,Nightlife,accuracy,macro avg,weighted avg
0.564840044404077,0.5002021290931141,0.4600438733939204,0.0013610071452875127,0.2301309238428914,0.0,0.2915567282321899,0.1839080459770115,0.23881918819188191,0.2750333778371162,0.41795205776833255,0.274589531811749,0.34741713457485957
0.5559711705136392,0.4924635162266638,0.3832145684877276,0.15653370013755158,0.26424413476803665,0.0,0.2664473684210526,0.2795202952029521,0.23224483819007177,0.28830083565459613,0.416530221617508,0.2918940427602291,0.3625471636421021
0.5558598817932824,0.44203335342575856,0.4477040816326531,0.28092872819683495,0.3493400730131986,0.0,0.32839838492597573,0.32335329341317365,0.4124864669794298,0.31978319783197834,0.4257345066815663,0.34598874612122854,0.40287586580296164
0.5679413356956542,0.5046567164179104,0.39049103663289164,0.16486407483192048,0.2155222719315308,0.0,0.3060545575515636,0.31157894736842107,0.3170634392871392,0.34724857685009486,0.4305558820072864,0.31254209565671265,0.37968355202522536
0.5737115461446265,0.49527701480538616,0.4020985572418962,0.3197308443672672,0.0683111954459203,0.0011743981209630064,0.33269107257546565,0.2315891472868217,0.38613217768147357,0.3402340234023402,0.4340410390226545,0.31509499770721605,0.3921340339444637
