Home,Work,Other,Shopping,Community,Food,Entertainment,Travel,Outdoors,Nightlife,macro avg,weighted avg
0.47674616695059624,0.3761348897535668,0.5067311011391095,0.1,0.4833462432223083,0.0,0.27183271832718325,0.4144144144144144,0.5159438775510204,0.34797297297297297,0.3493122384331172,0.3783066739057508
0.43681456526413875,0.38792370880936644,0.5920489296636086,0.4581320450885668,0.4917925147734734,0.0,0.3068181818181818,0.531578947368421,0.4634716540035067,0.20274240940254654,0.387132295619181,0.42779821518761896
0.4494172494172494,0.42369617132732457,0.5023255813953489,0.43978300180831825,0.40840446487196325,0.0,0.310828025477707,0.4052532833020638,0.38049267643142476,0.2774294670846395,0.359762992111604,0.40846412808024407
0.46713082901554404,0.3925602563507175,0.5890652557319224,0.5345971563981042,0.4851138353765324,0.0,0.29224904701397714,0.4659949622166247,0.4687377113645301,0.28683385579937304,0.3982282909267325,0.44357543437225566
0.47400561148704407,0.410494169905608,0.5446700507614213,0.4204967170996289,0.4752475247524752,0.25,0.29667812142038946,0.48676171079429736,0.42368045649072755,0.2791728212703102,0.4061207183981902,0.4352383184290456
