Home,Work,Other,Shopping,Community,Food,Entertainment,Travel,Outdoors,Nightlife,macro avg,weighted avg
0.3797623924621057,0.3224092116917626,0.6538461538461539,0.3167420814479638,0.30906921241050117,0.0,0.0,0.13793103448275862,0.32,0.0660377358490566,0.2505797822190302,0.3323968716901367
0.3572771718691237,0.3392070484581498,0.5659340659340659,0.3724053724053724,0.24899598393574296,0.0,0.0,1.0,0.0,0.023809523809523808,0.29076291664119785,0.3096248049758456
0.4304274937133277,0.355584082156611,0.6041131105398457,0.37530266343825663,0.314540059347181,0.0,0.0,0.43636363636363634,0.5714285714285714,0.07526881720430108,0.31630284341917303,0.3973503922917721
0.42012578616352203,0.3343480466768138,0.7204301075268817,0.31714568880079286,0.3,0.0,0.0,1.0,0.92,0.09923664122137404,0.41112862703893843,0.44301166864173513
0.48244192328471097,0.31751412429378534,0.46008403361344535,0.3016795865633075,0.31802120141342755,0.0,0.08247422680412371,0.3333333333333333,0.0,0.11515151515151516,0.2410699944457649,0.3156411449436164
