Home,Work,Other,Shopping,Community,Food,Entertainment,Travel,Outdoors,Nightlife,macro avg,weighted avg
0.6229838709677419,0.21967410983705493,0.616580310880829,0.40618955512572535,0.3376792698826597,0.0,0.0,0.13333333333333333,0.012965964343598054,0.1044776119402985,0.2453884026311241,0.3485342019543974
0.6414584740040513,0.4304682040531097,0.553763440860215,0.26338514680483593,0.18646616541353384,0.0,0.0,0.04142011834319527,0.0,0.09230769230769231,0.22092692417866333,0.34405594405594403
0.6801324503311258,0.38795518207282914,0.633423180592992,0.4215775158658205,0.34248788368336025,0.0,0.0,0.1095890410958904,0.010037641154328732,0.06666666666666667,0.26518695614630133,0.3946384039900249
0.45257452574525747,0.4554250172771251,0.5710227272727273,0.53156146179402,0.17370892018779344,0.0,0.0,0.037914691943127965,0.03087248322147651,0.18571428571428572,0.2438794113155814,0.36308221319162237
0.5395770392749245,0.38865836791147995,0.6275071633237822,0.4147424511545293,0.15437392795883362,0.0,0.15384615384615385,0.32075471698113206,0.0,0.17757009345794392,0.27770299139087795,0.36208248392661124
