Home,Work,Other,Shopping,Community,Food,Entertainment,Travel,Outdoors,Nightlife,macro avg,weighted avg
0.6928695221589503,0.7464007077937747,0.4212338593974175,0.0006851661527920521,0.1510164569215876,0.0,0.31436699857752487,0.11817597944765575,0.15536777415018244,0.22737306843267108,0.28274895330325556,0.41795205776833255
0.764521390038891,0.674132414472065,0.2832894351770559,0.09439283344392833,0.18065605402797877,0.0,0.23546511627906977,0.18961201501877348,0.1549433372411098,0.4987951807228916,0.3075807776421764,0.416530221617508
0.7283717415942577,0.4620295698924731,0.40379637618636754,0.20638153428377462,0.30520117762512267,0.0,0.34807417974322397,0.26899128268991285,0.450354609929078,0.3773987206823028,0.3550599192626513,0.4257345066815663
0.7242374796033638,0.7063591543411047,0.29204313611192073,0.09745982374287196,0.1385346336584146,0.0,0.32122905027932963,0.23402909550917142,0.2395498392282958,0.43990384615384615,0.3193346058628319,0.4305558820072864
0.7265368074879838,0.6241979061127997,0.31868131868131866,0.257923305900893,0.03680040889343215,0.0005885815185403178,0.3786549707602339,0.1519389701207883,0.3546974522292994,0.43548387096774194,0.3285503592673031,0.4340410390226545
