Home,Work,Other,Shopping,Community,Food,Entertainment,Travel,Outdoors,Nightlife,accuracy,macro avg,weighted avg
0.49910125823846613,0.4083836138456653,0.7292173067574137,0.3522120111134858,0.31700517722023097,0.12480000000000001,0.06790123456790123,0.4107142857142857,0.09407858328721637,0.18561484918793503,0.4015315594059406,0.3189028319932601,0.3856650697103564
0.5327789327789327,0.3950388744909293,0.673589164785553,0.3298835705045278,0.24851530379168568,0.15730337078651688,0.09580838323353293,0.4844290657439446,0.17921478060046192,0.0,0.40189382179447375,0.3096561446716085,0.3893758715227022
0.5485371342835708,0.4593929450369155,0.7270875763747455,0.392309452964065,0.31591355599214144,0.18083182640144665,0.1596009975062344,0.424561403508772,0.1700554528650647,0.18404907975460125,0.4380165289256198,0.3562339424687557,0.42495513469115276
0.4802494802494803,0.38473547267996533,0.6462513199577613,0.36550308008213556,0.32223903177004537,0.19931271477663232,0.0,0.26280623608017817,0.10329562223315297,0.1973684210526316,0.38322137166067805,0.2961761378881983,0.3688608113069548
0.5265636497424576,0.3941945887833722,0.6788399570354459,0.3626303468823154,0.3017345703912868,0.13211009174311925,0.14351851851851852,0.2923076923076923,0.14019116977696858,0.0,0.39653822055137844,0.29720905851811763,0.38053752342763386
