Home,Work,Other,Shopping,Community,Food,Entertainment,Travel,Outdoors,Nightlife,accuracy,macro avg,weighted avg
0.5191686409648935,0.36527894825552,0.6703534087963363,0.33167509378567933,0.2570724662305666,0.1313833613042436,0.0,0.33005093378607814,0.19390581717451524,0.05650319829424307,0.38903490638473803,0.28553918685920754,0.3790894383861073
0.566260906462991,0.37355985830725313,0.6193022202084277,0.3585691587581054,0.27013194722111156,0.09415292353823089,0.0,0.31945674638322996,0.19271028037383175,0.07307898979043526,0.40314687388776843,0.28672230310436164,0.39390847483836955
0.5452119527449617,0.4374491180461329,0.5653305570015618,0.3849655655421968,0.3350113080907566,0.05524861878453039,0.07027992852888623,0.4023099133782484,0.09355464539771503,0.1588835212023618,0.41014208429938764,0.3048245128717351,0.3880662698743609
0.5499009309773906,0.3663169079559039,0.6425216574470306,0.40004347511049926,0.1920357941834452,0.1400216528329123,0.0,0.20844228614120286,0.12983223924142961,0.13074484944532488,0.3961220900772005,0.2759859793335139,0.37670199190867987
0.512038433607061,0.425320557982246,0.6688042248208222,0.38416075650118203,0.2550989345509893,0.23859649122807014,0.14055985705777252,0.16264204545454544,0.17246074248888082,0.18027787190782785,0.4033186336796472,0.31399599155993974,0.3884498412404819
