Home,Work,Other,Shopping,Community,Food,Entertainment,Travel,Outdoors,Nightlife,accuracy,macro avg,weighted avg
0.5581749049429657,0.4957208142916494,0.5081509766485535,0.40867515322960873,0.3597298956414978,0.35970974429854874,0.33300970873786406,0.4170792079207921,0.3810884839823746,0.35832083958020994,0.4579420031534928,0.4179659729274065,0.4574847556532967
0.5471985027488596,0.4924402326082275,0.4820562560620757,0.3804401951996813,0.396473343435735,0.3578380617104991,0.329852045256745,0.4356516418519274,0.42289479102326544,0.34150464919695683,0.4566335355026174,0.41863497190939725,0.45705197083970084
0.5399877526025719,0.4968772268097414,0.4884198182351217,0.37507686001229756,0.38072716523795447,0.35983116426310235,0.3708672735984667,0.4269131556319863,0.3999082779179088,0.36644951140065146,0.4537877729664292,0.42050582057098024,0.45309669739736724
0.5533820410087202,0.5009397318631751,0.48793156125878395,0.3590869183494293,0.3629044743768385,0.3591682419659735,0.34942084942084944,0.4430409356725146,0.41639415740135166,0.33680834001603843,0.4577976260430133,0.41690772513336755,0.45556538170958893
0.5427425419904738,0.5073891625615763,0.49232716342350896,0.3894611727416799,0.34571428571428564,0.35378362686278303,0.35435992578849723,0.42820945945945943,0.3907612538298374,0.3479789103690686,0.45508243387498515,0.41527275027411703,0.4546634926457333
