home F-score,work F-score,other F-score,displacement F-score,amenity F-score,leisure F-score,office F-score,shop F-score,sport F-score,tourism F-score,accuracy,macro_avg_fscore,weighted_avg_fscore
0.34070104934137085,0.24250411861614496,0.16987179487179488,0.736147116007777,,0.04918032786885246,0.0,0.01694915254237288,0.0,0.025641025641025637,0.598858329008822,0.17566606498770432,0.5287463051742366
0.3257168458781362,0.21986851716581446,0.1283598464070214,0.7322091334516702,,0.0149812734082397,0.0,0.0,0.0,0.05128205128205127,0.5936592730228777,0.16360196306588148,0.5138895113551694
0.36960639865291517,0.16978193146417445,0.1444155844155844,0.7335111840755183,,0.023166023166023165,0.0,0.02654867256637168,0.0,0.0,0.5945898574433279,0.16300331048228747,0.5183784907971847
0.33240997229916897,0.19342793129200897,0.18561710398445092,0.7305507532724129,,0.02973977695167286,0.0,0.03418803418803419,0.0,0.0,0.5910159924741298,0.1673259524430832,0.5142844438728131
0.35450910706352734,0.19133858267716536,0.1449591280653951,0.7388493060417611,,0.06382978723404255,0.0,0.0,0.0,0.05882352941176471,0.601457000710732,0.17247882672151735,0.5260975887154526
