Home,Work,Other,Shopping,Community,Food,Entertainment,Travel,Outdoors,Nightlife,macro avg,weighted avg
0.43037974683544306,0.4234441883437603,0.7545271629778671,0.31790123456790126,0.33194328607172646,0.22807017543859648,0.04932735426008968,0.4577114427860697,0.2442528735632184,0.136986301369863,0.3374543766214536,0.3934162451573257
0.47339901477832513,0.3984316654219567,0.6436583261432269,0.29766536964980544,0.3496143958868895,0.2007168458781362,0.07804878048780488,0.6363636363636364,0.275177304964539,0.0,0.335307533957432,0.3953771011866688
0.5013713658804169,0.44543429844098,0.6586715867158671,0.41321118611378976,0.3101851851851852,0.36764705882352944,0.11552346570397112,0.510548523206751,0.24083769633507854,0.17751479289940827,0.37409451593049775,0.4246548539051168
0.4475505120398561,0.3959300249910746,0.6029556650246305,0.312280701754386,0.3370253164556962,0.3118279569892473,0.0,0.36645962732919257,0.19848771266540643,0.15544041450777202,0.31279579317572614,0.37033630490993513
0.4803974221267454,0.3798342541436464,0.6502057613168725,0.3459196102314251,0.29333333333333333,0.2727272727272727,0.09538461538461539,0.30254777070063693,0.3031496062992126,0.0,0.312349964626376,0.38667030220763193
