Home,Work,Other,Shopping,Community,Food,Entertainment,Travel,Outdoors,Nightlife,macro avg,weighted avg
0.47772878164792154,0.3766685205784205,0.6224326059050064,0.30592748608394765,0.31832526825163054,0.1773462783171521,0.0,0.35604395604395606,0.25761421319796957,0.048534798534798536,0.29406219085608026,0.37801798085422705
0.5145804212657251,0.357020773073889,0.6111607941334287,0.37276785714285715,0.3058120586637697,0.14537037037037037,0.0,0.42398119122257055,0.25134080936128717,0.04647983595352016,0.3028514111187418,0.3936564438872644
0.48580769802348045,0.43995633187772926,0.4769014579307922,0.34835574959509896,0.4074534161490683,0.11511511511511512,0.04746580852775543,0.46170839469808544,0.22806095638465582,0.1050390347764372,0.3115863963078218,0.3905719020452996
0.510687638636822,0.3719738350529368,0.5806451612903226,0.3399211919714321,0.2988025619604567,0.2141280353200883,0.0,0.21899529042386184,0.24072642967542504,0.0978067575577949,0.28736869018891403,0.37944690345143517
0.4512825562503077,0.435947429231658,0.6309608540925267,0.352658502557743,0.2937259025587101,0.3797250859106529,0.11776447105788423,0.17821011673151751,0.2953061858874728,0.14456521739130435,0.32801463216697774,0.3923011204166736
