Home,Work,Other,Shopping,Community,Food,Entertainment,Travel,Outdoors,Nightlife,macro avg,weighted avg
0.5291116779416657,0.5126750880811206,0.5204572803850782,0.45458359555275857,0.49161073825503354,0.26603628929210327,0.2527634487840825,0.3072014585232452,0.5015673981191222,0.27128263337116915,0.4107289608305379,0.4807161084238512
0.5125451955735729,0.5184110284781426,0.5384615384615384,0.4759531522551707,0.46225505942820433,0.2845849802371542,0.23540372670807452,0.3231467473524962,0.44691035683202784,0.2630208333333333,0.4060692618659715,0.4754038217617075
0.52556919775897,0.49585878022253826,0.49805680119581464,0.47335747542679774,0.4788104089219331,0.2640681466184822,0.2792207792207792,0.32600131319763626,0.47833241908941304,0.2964426877470356,0.41157180093993995,0.47291230678550294
0.5214880621876735,0.500751503006012,0.5126805778491171,0.49203007518796993,0.4764227642276423,0.2649930264993027,0.2669616519174041,0.35152190051967336,0.4549785612196284,0.2527075812274368,0.409453570384186,0.4754166605212562
0.537888198757764,0.5018166804293972,0.5267433987813135,0.44834663625997717,0.45622119815668205,0.2635524798154556,0.2595108695652174,0.320581726209295,0.47891392258809934,0.28125,0.4074825110563201,0.4737988204139027
