Home,Work,Other,Shopping,Community,Food,Entertainment,Travel,Outdoors,Nightlife,macro avg,weighted avg
0.5684806320382053,0.35455794777828675,0.7262684890469949,0.36215494211932325,0.21558848674836137,0.10434120335110435,0.0,0.30759493670886073,0.15546025425026805,0.06760204081632654,0.28620489328577314,0.38903490638473803
0.6294811320754717,0.39170573386224306,0.6276634827332843,0.3454124265740051,0.2419077628186766,0.06962305986696231,0.0,0.2562766461392705,0.15625947256744468,0.1708542713567839,0.2889183987994142,0.40314687388776843
0.62116797567773,0.4349703184025904,0.6940184049079755,0.43017391304347824,0.2844400396432111,0.036346396965865994,0.1353211009174312,0.3564525298465037,0.05884745762711865,0.32599118942731276,0.33777293264592173,0.41014208429938764
0.5956370906097489,0.36082946294236934,0.7191588785046729,0.48600352112676054,0.14148206751054854,0.10402144772117962,0.0,0.19885958660014255,0.08888571836210586,0.1971326164874552,0.2892010389864983,0.3961220900772005
0.5916984055257891,0.4151994497936726,0.7114767255216693,0.4218431299833117,0.22545063223029324,0.17394726485635575,0.17429837518463812,0.1495754408883083,0.12179487179487179,0.23942394239423942,0.32247082381731496,0.4033186336796472
