Home,Work,Other,Shopping,Community,Food,Entertainment,Travel,Outdoors,Nightlife,macro avg,weighted avg
0.5906164892300074,0.4798520067562133,0.4964131994261119,0.3711887632750942,0.2836398838334947,0.5552,0.4879089615931721,0.649325626204239,0.3072786633378145,0.5275938189845475,0.4749017412640694,0.4579420031534928
0.5868774306862377,0.46894741160062353,0.4363476733977173,0.3168546781685468,0.34708152436082973,0.4818739542665923,0.5508720930232558,0.6683354192740926,0.4013286440015631,0.4867469879518072,0.47452658167312656,0.4566335355026174
0.5552197456239768,0.49789986559139787,0.4791486914006327,0.3105906313645621,0.31599607458292445,0.5645695364238411,0.5520684736091298,0.6183063511830635,0.34357762017336485,0.47974413646055436,0.4717121126413447,0.4537877729664292
0.589431404543743,0.5011281022812735,0.46546196444185367,0.2827026092966995,0.29307326831707925,0.5571847507331378,0.505586592178771,0.5989879822896901,0.38384244372990356,0.5048076923076923,0.4682206810119844,0.4577976260430133
0.547685302302049,0.5130867950016886,0.4621324621324621,0.344247942566976,0.2783030922565806,0.5379635079458505,0.5584795321637427,0.6446280991735537,0.330015923566879,0.45622119815668205,0.46727638552664646,0.45508243387498515
