Home,Work,Other,Shopping,Community,Food,Entertainment,Travel,Outdoors,Nightlife,macro avg,weighted avg
0.593939393939394,0.3943575590309721,0.7055503292568204,0.39482510781025393,0.30335365853658536,0.08590308370044053,0.10891089108910891,0.3724696356275304,0.058259081562714185,0.28776978417266186,0.3305338524726481,0.4015315594059406
0.6091917591125198,0.39170337738619676,0.7064393939393939,0.36992263056092844,0.1927710843373494,0.12933025404157045,0.12403100775193798,0.39106145251396646,0.13287671232876713,0.0,0.304732767197263,0.40189382179447375
0.605498509440212,0.4742547425474255,0.8113636363636364,0.37342047930283223,0.32185748598879105,0.11990407673860912,0.25806451612903225,0.3633633633633634,0.13142857142857142,0.1910828025477707,0.3650238183850244,0.4380165289256198
0.5181031720602371,0.3741565452091768,0.6962457337883959,0.4405940594059406,0.30869565217391304,0.14646464646464646,0.0,0.2048611111111111,0.06981382978723404,0.2702702702702703,0.30292050202709253,0.38322137166067805
0.5825464018235103,0.409683426443203,0.7101123595505618,0.3810375670840787,0.3106312292358804,0.08716707021791767,0.2897196261682243,0.28273809523809523,0.09117821195973949,0.0,0.31448139877212106,0.39653822055137844
