Shopping,Community,Food,Entertainment,Travel,Outdoors,Nightlife,accuracy,macro avg,weighted avg
0.4349859289024544,0.3641979742834566,0.46541466289038,0.2302851371299821,0.16795454545454547,0.21962059620596203,0.06738167404989508,0.3966759475410853,0.27854864555952513,0.3689646255464766
0.4316836853098166,0.3285769807339959,0.46833780113263157,0.22409396491770342,0.131937682570594,0.18102775610299857,0.12076455256298872,0.3933686176836862,0.26948891761867555,0.36163497869498146
0.43622962437987245,0.35177767888048256,0.46075325250618726,0.21852517985611508,0.17855626326963908,0.1883789381881609,0.11259995677544846,0.39143069171581457,0.27811727055084373,0.36401197520455625
0.4052842350463487,0.33895894307831176,0.4833837946943483,0.2470431893687708,0.19037700479066863,0.20715902077761777,0.18795134929684532,0.3958135706165968,0.29430821957898734,0.367673258274302
0.43241283285954635,0.3272923531416884,0.47550214625099185,0.2213385455280717,0.18332690081049788,0.24031218803884202,0.09316972526875883,0.39249042025005704,0.2819078131283424,0.36079493484327413
