Shopping,Community,Food,Entertainment,Travel,Outdoors,Nightlife,accuracy,macro avg,weighted avg
0.39133128806540823,0.1714416896235078,0.5263007947218474,0.2664149360184603,0.0,0.1122495446265938,0.0,0.4066085253241302,0.20967689329368824,0.34889487750800857
0.4098824188129899,0.19650588682111658,0.48298609996468805,0.22008995502248874,0.0,0.09682062017532382,0.0009068923821039904,0.38270211358063133,0.2010274104541016,0.33080850165350156
0.4057480258945721,0.18951105851024486,0.4746013850861652,0.22371397300255383,0.0,0.06522636576303839,0.0,0.37470567138112243,0.19411440117951062,0.3195592022201516
0.40878616796047984,0.19765470471884714,0.4742561594581769,0.19652416220576374,0.0,0.0825951016154247,0.0008937881722031879,0.37363615773319064,0.1943871548758422,0.31585119887477897
0.377915817399463,0.21146804835924007,0.4840527721312129,0.21081830790568656,0.0,0.12519632039488446,0.016941596076683014,0.37016406011625813,0.20377040889531,0.3102310171053602
