Shopping,Community,Food,Entertainment,Travel,Outdoors,Nightlife,accuracy,macro avg,weighted avg
0.3816441633908733,0.23635109921310943,0.5133177795183902,0.2268041237113402,0.08395893978857055,0.14669077757685353,0.00030562347188264064,0.39981217049796164,0.22701035809585998,0.3494285128977886
0.40378260286613404,0.23849573702342233,0.4866480844815307,0.19650886008992327,0.0,0.09218094201772113,0.0,0.38488063660477456,0.2025166037826759,0.3331035016597992
0.3984364317829021,0.2121247609009642,0.48090046347384674,0.19919499871542345,0.06903580892845008,0.08339662767735075,0.004092149136101848,0.3776117355556127,0.20674017723071988,0.32485876315254936
0.4015037844686739,0.2631542340462528,0.47913955721477863,0.19628258835970228,0.0,0.08445440956651719,0.0004506872981296478,0.37819884850047264,0.20356932299343636,0.32479750531851453
0.3744397886682456,0.24372839781469507,0.4902226778041919,0.20475133699567066,0.0,0.11096148666846216,0.0,0.3743933580511668,0.20344338399303788,0.314869258282463
