Shopping,Community,Food,Entertainment,Travel,Outdoors,Nightlife,accuracy,macro avg,weighted avg
0.38292270077111157,0.272459359254682,0.48953598599936793,0.18555257322908159,0.1061978334221275,0.21337126600284495,0.1383737517831669,0.3846038967006709,0.2554876386374832,0.3440865168697833
0.37997164043794596,0.29641606036108864,0.48264703300011286,0.1851415094339623,0.13460555460896237,0.20343275182892517,0.14548042704626335,0.38188064140546646,0.2610992823881801,0.34503974112188385
0.3770147492625369,0.30353726362625133,0.48499037118151267,0.18186163221412355,0.1041124414367517,0.2396856581532416,0.16705463508147333,0.3840101816498901,0.26546525013655586,0.3487182344214565
0.386956219435882,0.302371979605409,0.48507077047176117,0.19478177227365637,0.11254189451402365,0.20346715328467155,0.1361397223466189,0.3860038072244405,0.26018993027600323,0.3485228281862634
0.3789569902819205,0.2880457721708953,0.4882165683685808,0.1950405340963281,0.11527377521613834,0.19311776920795015,0.15102909865152592,0.38508050422909335,0.2585257868561913,0.3457882252762398
