Shopping,Community,Food,Entertainment,Travel,Outdoors,Nightlife,accuracy,macro avg,weighted avg
0.3795973536316426,0.28955049620548745,0.48746109974207774,0.16794459559732872,0.08144291558200074,0.19259696209998528,0.12419449326303456,0.38290368532304014,0.2461125594459367,0.34020298915777253
0.3736111442976272,0.296662656507597,0.48250675626323863,0.16918726177302348,0.08491620111731843,0.18286728806036393,0.12426383981154299,0.3795059195130667,0.24485930683295878,0.33667298573750964
0.3770713320531968,0.2882156116789659,0.4864825244023114,0.16602746505010513,0.07571560480147738,0.21104625056129322,0.13599062133645953,0.382425083882911,0.24864991569768707,0.3402885680356996
0.3813911728570079,0.2843060481827813,0.48737973412980146,0.17630853994490361,0.08633619901225535,0.20291616038882135,0.12599388379204893,0.3840305506546569,0.24923310547251715,0.34143488109749115
0.3795609966046578,0.283838904777533,0.48658721985189546,0.18332117675662532,0.0790273556231003,0.1869747899159664,0.13178408589498455,0.38261062050003497,0.24729921848925182,0.340187128747824
