Shopping,Community,Food,Entertainment,Travel,Outdoors,Nightlife,accuracy,macro avg,weighted avg
0.38284724497916767,0.291569715410775,0.4863736290728664,0.17819180699868625,0.08166295471417966,0.20727324996406496,0.1281045751633987,0.38329427442330666,0.25086045375759125,0.3429300611825689
0.3755284282525056,0.292015278283012,0.4820894791003088,0.17839255902694967,0.0848529959062151,0.20331833520809897,0.1334106728538283,0.3798632805745444,0.24994396409013123,0.3389119432968731
0.37714394462021555,0.2890866337774909,0.48632285896367466,0.17570003605335896,0.07537409939035654,0.23104693140794225,0.14275330716673934,0.38330440819160017,0.2539182587685397,0.3427472315214302
0.37883608008228287,0.28075266803969295,0.48751774943262494,0.17804451112778194,0.08632040965618142,0.2152479644707624,0.12463545663852647,0.3840189432630699,0.2501935484925504,0.3410333586628329
0.38102732865932176,0.29154599365604744,0.4866060943197973,0.18752271350696545,0.07966616084977238,0.1995055983713829,0.12511224184375933,0.38364750565044153,0.2501408758867209,0.3424089787035272
