Shopping,Community,Food,Entertainment,Travel,Outdoors,Nightlife,macro avg,weighted avg
0.40445103857566767,0.3561434193266288,0.37570916266626186,0.44063792085056114,0.4066543438077634,0.4089619965967102,0.45,0.4060796974033704,0.3939014231568503
0.40046601154898187,0.3692926969522714,0.36880974695407687,0.4583333333333333,0.4318181818181818,0.41196581196581195,0.44019138755980863,0.4115538814474951,0.3950147417635273
0.4015500734511929,0.36995515695067266,0.3735479619693119,0.4451887941534714,0.39611650485436894,0.43883708173340646,0.43839285714285714,0.40908406146504017,0.3952121160920537
0.4055410457315512,0.3707504017801953,0.3716347488204274,0.5193289569657185,0.4573643410852713,0.417816091954023,0.4699074074074074,0.43033471339208484,0.40569006124480655
0.40436301057852914,0.3636050911592707,0.37406872434240535,0.5042345276872964,0.410958904109589,0.3917761279268989,0.4432661717921527,0.41318179394230603,0.3982283226863407
