Shopping,Community,Food,Entertainment,Travel,Outdoors,Nightlife,macro avg,weighted avg
0.4065089348108216,0.36565450369992347,0.37601284492737386,0.420857596611964,0.38137755102040816,0.4084967320261438,0.43891402714932126,0.39968888432085087,0.3922706724782952
0.39569111595255385,0.3679339948712231,0.3739625648700655,0.4548088064889919,0.386119257086999,0.4129069103369503,0.4352640545144804,0.4038123863030378,0.3921536509259202
0.3978285771203745,0.3683585313174946,0.37800188353476694,0.4502958579881657,0.3468208092485549,0.42193675889328064,0.3950777202072539,0.3940457340442702,0.3891929178009919
0.4000575070685772,0.36745689655172414,0.3773951244386044,0.47928994082840237,0.44490934449093444,0.42857142857142855,0.4351145038167939,0.41897067796663784,0.4002082530230139
0.40613560195926784,0.3704016403328911,0.37493130176057005,0.4904076738609113,0.404551201011378,0.40284653465346537,0.40735068912710565,0.408089234672227,0.3968242244547696
