Shopping,Community,Food,Entertainment,Travel,Outdoors,Nightlife,macro avg,weighted avg
0.3941248097412481,0.33548966756513926,0.4140302451223252,0.42146017699115046,0.0,0.5227995758218452,0.0,0.2982720678916726,0.3646871953403185
0.42149355135882083,0.31832164390303924,0.3722981750695948,0.36663336663336665,0.0,0.49267643142476697,0.25,0.3173461669127984,0.35836024347578205
0.42014850609935767,0.32475598935226263,0.3584784010315925,0.4209225700164745,0.0,0.4044368600682594,0.0,0.2755346180811352,0.3389693002822032
0.43281444582814443,0.37153100517859516,0.3508938986359416,0.3673245614035088,0.0,0.44460028050490885,0.23076923076923078,0.31399048890290426,0.3570137550398826
0.39384335277656024,0.3742511309451033,0.3579588997488711,0.397212543554007,0.0,0.5299145299145299,0.6129032258064516,0.38086909753507475,0.3726629988488427
