Shopping,Community,Food,Entertainment,Travel,Outdoors,Nightlife,macro avg,weighted avg
0.40624374624774867,0.36278172083177684,0.39885047744891916,0.4194107452339688,0.3878273177636235,0.5553121577217963,0.18181818181818182,0.3874634781522879,0.39254410235498044
0.41954305569213624,0.34599061871789144,0.37467336411270125,0.3776046078265289,0.0,0.4954051796157059,0.0,0.2876024037092805,0.3481316221470851
0.4174151906840358,0.3417825020441537,0.3634580355891831,0.41985559566787006,0.4222776392352452,0.39869281045751637,0.6923076923076923,0.43654135228367086,0.40325025589403435
0.4280204741762343,0.3672944374332589,0.35971218174590874,0.3893191352049048,0.0,0.4574898785425101,0.25,0.32169087244325956,0.3593537065450846
0.39962279559020825,0.3622003755661107,0.36509823795415564,0.3938969764837626,0.0,0.5077017868145409,0.0,0.2897885960583969,0.3379886882890283
