Shopping,Community,Food,Entertainment,Travel,Outdoors,Nightlife,macro avg,weighted avg
0.40693477045096343,0.35549674716065716,0.3736888030744667,0.4829302987197724,0.4124293785310734,0.4114681789540013,0.4593716143011918,0.4146171130274466,0.3981311504989288
0.4011905372812644,0.36398425541220203,0.36789930942303406,0.49891225525743294,0.4351145038167939,0.44079885877318115,0.44845908607863977,0.4223369722917926,0.3997728146038219
0.3999094886106502,0.36549639618693325,0.3730328237410072,0.4779202279202279,0.3965183752417795,0.44648511716276124,0.4356807511737089,0.4135775971481527,0.39676030781705707
0.40266413889443226,0.3658999288593787,0.3732143526676915,0.5180279617365711,0.458252427184466,0.425748884639898,0.4634420697412823,0.42960710910338856,0.4047071572503645
0.40402137948587424,0.3648306616849464,0.372412498827062,0.50066401062417,0.4135188866799205,0.40507152145643693,0.4226415094339623,0.41188006688462464,0.3970579278930455
