Shopping,Community,Food,Entertainment,Travel,Outdoors,Nightlife,macro avg,weighted avg
0.4109415094838761,0.37531461284113904,0.388774214036202,0.4637046307884856,0.39434364994663823,0.447635881573133,0.5142348754448398,0.4278499105877591,0.4092097740163912
0.43799852832965414,0.39726119352889844,0.36703489342756973,0.4610492845786963,0.44353518821603927,0.40357852882703776,0.4109386548410939,0.41734232453556996,0.4073153820689666
0.4275513322775138,0.3682957133982191,0.3736976115719262,0.4334126040428062,0.4179920477137177,0.4090909090909091,0.43308395677472983,0.40901773926711743,0.4002500388051493
0.4370612525808672,0.3880746586496305,0.37640685958067865,0.4013385146804836,0.4538232373386296,0.4195833333333333,0.44449438202247193,0.4172546054551564,0.40782596241892677
0.39321041386405003,0.36868040445411493,0.3890461962048089,0.46240495635032386,0.4426840633737186,0.4223285486443381,0.5369211514392991,0.4307536763329504,0.40875862865200396
