Shopping,Community,Food,Entertainment,Travel,Outdoors,Nightlife,macro avg,weighted avg
0.3598536734726766,0.175269205317933,0.7199337343735314,0.15542710340398203,0.04707499355725453,0.08450704225352113,0.00015294027682190105,0.22031695609367438,0.39981217049796164
0.38916338537786765,0.18196235059175941,0.6940807624780537,0.13281296550080438,0.0,0.050818407747022024,0.0,0.2069768388136439,0.38488063660477456
0.38110844411619893,0.1537851988113768,0.710471743638569,0.1305714606489278,0.03759064673671748,0.04656883535499194,0.0020521395454890933,0.2088783526931816,0.3776117355556127
0.37808094445665485,0.2050233011813157,0.7172835359709814,0.1312197509380608,0.0,0.04652120214079868,0.00022554695135704083,0.21119346880559547,0.37819884850047264
0.3522425405748171,0.18365632351293829,0.7458290750301952,0.13832768028314407,0.0,0.062287398896364046,0.0,0.2117632883282084,0.3743933580511668
