Shopping,Community,Food,Entertainment,Travel,Outdoors,Nightlife,macro avg,weighted avg
0.35570171540307527,0.24424242424242423,0.7008356545961003,0.10164670658682634,0.045182587167319994,0.12572198690797073,0.07180355630821338,0.23501923303027575,0.38290368532304014
0.34957968163119296,0.25035722343385725,0.7008274984086569,0.10186556114894878,0.0470491126702435,0.11536307634870263,0.07212442317552555,0.23388093954530392,0.3795059195130667
0.35670075349838537,0.23791146424517592,0.6990976440433974,0.10046414133852373,0.04185381788485096,0.1381811054488436,0.08056954332349366,0.2363969242546672,0.382425083882911
0.3622531418312388,0.23246704331450094,0.7021726862302483,0.1062320808812434,0.04765751211631664,0.13320039880358922,0.07290745000884799,0.23669861616942647,0.3840305506546569
0.3578933128917347,0.2322744014732965,0.7017221259591924,0.11220238095238096,0.04368830077714766,0.12153726102223956,0.07806238020561074,0.23534002332594323,0.38261062050003497
