Shopping,Community,Food,Entertainment,Travel,Outdoors,Nightlife,macro avg,weighted avg
0.36343436139009866,0.24681818181818183,0.689449860724234,0.11167664670658682,0.04538890035073241,0.13881401617250674,0.07468247248094835,0.23860920566332694,0.38329427442330666
0.353514576998748,0.24148304128750847,0.695805926868944,0.11074918566775244,0.0470491126702435,0.13496359902930744,0.0786190394804307,0.23745492600041923,0.3798632805745444
0.3555346250448511,0.23723041997729852,0.6966398651732734,0.10944752208414434,0.041649652919559,0.15680125441003528,0.08525785726688662,0.24036588526800687,0.38330440819160017
0.35543087971274684,0.22591337099811676,0.7084156320541761,0.10743926361853026,0.04765751211631664,0.14496510468594218,0.07184569102813661,0.23738106488770935,0.3840189432630699
0.3602380845019615,0.24332412523020258,0.6959934934050002,0.11517857142857142,0.04410838059231254,0.13382754584471324,0.07283498867398501,0.2379293128109638,0.38364750565044153
