Shopping,Community,Food,Entertainment,Travel,Outdoors,Nightlife,macro avg,weighted avg
0.36192338458803663,0.21712121212121213,0.7012534818941504,0.11901197604790419,0.0616876418403136,0.14439738159414708,0.0821337849280271,0.241075551859113,0.3846038967006709
0.3654534072616705,0.2481762803639919,0.6803875804512342,0.11622742078768138,0.08151052414362361,0.13496359902930744,0.08733549820543497,0.24486490146327772,0.38188064140546646
0.35827054180122,0.25811577752553916,0.676450967311541,0.11393921245695464,0.06124948958758677,0.16738533908271266,0.10592116686924813,0.24876178494782894,0.3840101816498901
0.37468581687612207,0.2568738229755179,0.6787175507900677,0.12222725215029426,0.06441841680129241,0.1333998005982054,0.08069368253406477,0.24443090610365206,0.3860038072244405
0.3551878071876268,0.23565070595457335,0.6996004101983804,0.12172619047619047,0.06721277042638102,0.12699960983222786,0.09269907649416274,0.24272522436707747,0.38508050422909335
