Shopping,Community,Food,Entertainment,Travel,Outdoors,Nightlife,macro avg,weighted avg
0.3885770881479036,0.11514030218933087,0.7221124963996215,0.19476536141498824,0.0,0.06287463333758449,0.0,0.2119242687842041,0.4066085253241302
0.3988938535309503,0.14211943086304454,0.6873386783617716,0.1572407883461868,0.0,0.05368543238537435,0.0004542701393095094,0.20567606480380535,0.38270211358063133
0.3923019781550059,0.13379288735704215,0.7020034780951473,0.1523402563847759,0.0,0.03547373147732375,0.0,0.20227319020989928,0.37470567138112243
0.3872854914196568,0.13464222125980463,0.7313866077852482,0.1341475623185504,0.0,0.04552635358322562,0.00044776119402985075,0.20477657108007366,0.37363615773319064
0.36322646848471657,0.14736892783207356,0.7472925076302057,0.14348646947765892,0.0,0.07098333545350465,0.008589511754068717,0.21156388866174686,0.37016406011625813
