Shopping,Community,Food,Entertainment,Travel,Outdoors,Nightlife,macro avg,weighted avg
0.4620189161858307,0.35372093023255813,0.5796912732610445,0.1531782945736434,0.10669939358937337,0.1455041654696926,0.03605289421157685,0.26240940964624565,0.3966759475410853
0.4255483428179245,0.2801420118343195,0.6468785248393899,0.14801959983666801,0.0774949957106091,0.11668343152751832,0.07078294080203693,0.25222140676692373,0.3933686176836862
0.4452675135275905,0.33667770941788927,0.6006879927685431,0.14609218436873747,0.11352591792656587,0.12236227163291319,0.06471245807974164,0.2613322925317116,0.39143069171581457
0.377814796085314,0.30087893944544264,0.6753109421421019,0.17844115953157996,0.12045334739061676,0.13753072930893198,0.11917098445595854,0.27280012833713513,0.3958135706165968
0.4802977091858105,0.29425886198794565,0.611362407197994,0.14548998759525075,0.11559990265271355,0.16793505834601724,0.05101070154577884,0.26656494693021576,0.39249042025005704
