Home,Work,Other,Shopping,Community,Food,Entertainment,Travel,Outdoors,Nightlife,accuracy,macro avg,weighted avg
0.4489318115305823,0.4256395839190329,0.6251728907330567,0.31716082659478884,0.36295369211514394,0.0,0.0,0.022641509433962263,0.022253129346314324,0.11475409836065573,0.3739723902590352,0.2339507542033537,0.3484467218210926
0.501949860724234,0.40117035110533156,0.5588615782664942,0.4136807817589576,0.30409356725146197,0.10480349344978165,0.2285714285714286,0.2390438247011952,0.073558648111332,0.0748663101604278,0.39191919191919194,0.2900599844100644,0.3652071145655672
0.5550811272416738,0.39657444005270087,0.5879120879120878,0.4053290270488494,0.40835266821345706,0.028301886792452827,0.0,0.24422442244224424,0.08639308855291576,0.1346153846153846,0.4131857855361596,0.28467841328717663,0.38405969579964644
0.4918319719953325,0.4162988115449915,0.6287262872628726,0.38527333581256973,0.2859362859362859,0.0,0.26373626373626374,0.3087248322147651,0.07407407407407408,0.119815668202765,0.38980931541106595,0.29744175307799203,0.36528094667199557
0.5242070116861435,0.4144329896907217,0.5624103299856528,0.32184808144087707,0.249624060150376,0.02643171806167401,0.0,0.3148148148148148,0.011778563015312132,0.07291666666666666,0.3738435000784068,0.24984642355122383,0.3515958820329951
