Home,Work,Other,Shopping,Community,Food,Entertainment,Travel,Outdoors,Nightlife,accuracy,macro avg,weighted avg
0.5460657632104212,0.49628417535965086,0.43361832553637686,0.3389562987077044,0.3033333333333334,0.0,0.26842362127867253,0.2720763723150358,0.35199115044247786,0.25815217391304346,0.4305888805100432,0.32689012140967166,0.40873988322326993
0.5498618568524214,0.48838531206184393,0.4316428688659117,0.368814524741901,0.3535192946957653,0.18739903069466882,0.30812961910176234,0.3371704418863721,0.3531006438495425,0.3111111111111111,0.43869197241888247,0.36891347038613,0.4271564300441656
0.5464012583392093,0.49281544678940276,0.4577656675749319,0.35382976663116106,0.3521367521367521,0.18623481781376516,0.3320875600640683,0.3363431151241535,0.35351653469958083,0.3153526970954357,0.43984262234017785,0.3726483616268461,0.42766544073559226
0.5551835966105242,0.4897645066953979,0.46122512924956915,0.3627075351213282,0.3436265183667496,0.21459912245712007,0.33142261594580513,0.335408560311284,0.3618173258003766,0.3409298085688241,0.44435303795980724,0.37966847191269787,0.43284698040138514
0.561725414453565,0.4954617434629794,0.45399376742660325,0.35678987942281076,0.3346376584755048,0.1921537229783827,0.3247588424437299,0.35740335521517136,0.38399999999999995,0.31631799163179913,0.4467560194520223,0.3777242375510546,0.4355879231375296
