Home,Work,Other,Shopping,Community,Food,Entertainment,Travel,Outdoors,Nightlife,macro avg,weighted avg
0.47427007299270074,0.4306845748772262,0.4952100221075903,0.39962782042335426,0.40559157212317665,0.0,0.20430906389301634,0.3573667711598746,0.41507957213670754,0.33568904593639576,0.3517828515650043,0.4098176296773563
0.4703888690688548,0.45380281690140845,0.4914050822122571,0.3978494623655914,0.4410385863685539,0.3396778916544656,0.2530345471521942,0.4146118721461187,0.41847389558232934,0.24647887323943662,0.392676189669121,0.4353136094032607
0.4798971036585366,0.444331983805668,0.48322147651006714,0.4119503945885006,0.41983695652173914,0.3495440729483283,0.26535836177474403,0.42490494296577946,0.43223234624145784,0.25815217391304346,0.3969429812927864,0.436180361274271
0.47592144202313696,0.45389059268240495,0.4986449864498645,0.4203096539162113,0.4142554693013409,0.33541147132169574,0.26433915211970077,0.435793731041456,0.43664772727272727,0.2745961820851689,0.4009810408213707,0.4409516928344481
0.48774806671014626,0.45660995230298285,0.5069597069597069,0.4095756750624007,0.4317447495961228,0.30037546933667086,0.2563451776649746,0.41916167664670656,0.44248247208517266,0.2483574244415243,0.3959360370806408,0.4430198105213123
