Home,Work,Other,Shopping,Community,Food,Entertainment,Travel,Outdoors,Nightlife,macro avg,weighted avg
0.3976153447382063,0.39842105263157895,0.6706231454005934,0.2961409395973154,0.3489771359807461,0.0,0.0,0.03529411764705882,0.0784313725490196,0.12727272727272726,0.23527758358172463,0.33315393468480703
0.4272166903745851,0.3750759878419453,0.5386533665835411,0.3913713405238829,0.34210526315789475,0.25,0.4444444444444444,0.36585365853658536,0.21637426900584794,0.05737704918032787,0.3408472069649055,0.3693359253330648
0.4867698452321518,0.3743781094527363,0.5994397759103641,0.3653566229985444,0.3916913946587537,0.10714285714285714,0.0,0.44047619047619047,0.31007751937984496,0.13592233009708737,0.321125464534853,0.3919972086903783
0.43186475409836067,0.40921228304405877,0.6010362694300518,0.3488215488215488,0.2839506172839506,0.0,0.26666666666666666,0.5287356321839081,0.22602739726027396,0.08843537414965986,0.31847505429384787,0.36588991542446897
0.4858174316658071,0.41188524590163933,0.5632183908045977,0.28781512605042014,0.2222222222222222,0.0625,0.0,0.3090909090909091,0.0390625,0.08235294117647059,0.24639647669120662,0.33669771093165307
