Home,Work,Other,Shopping,Community,Food,Entertainment,Travel,Outdoors,Nightlife,macro avg,weighted avg
0.6434761079475118,0.585458055175742,0.38565279770444766,0.29427886262418634,0.24225556631171347,0.0,0.3911806543385491,0.21965317919075145,0.30555022085653927,0.2097130242825607,0.3277218468432002,0.4305888805100432
0.6616484757245014,0.52867339404381,0.38484050336552533,0.34372926343729265,0.2949831162566329,0.1293920803123257,0.3938953488372093,0.28410513141426785,0.30539273153575613,0.42168674698795183,0.3748346791915273,0.43869197241888247
0.6343029845107669,0.5531754032258065,0.43485763589301124,0.310081466395112,0.30323846908734053,0.12693156732891833,0.44365192582025675,0.2783312577833126,0.2990543735224586,0.4051172707889126,0.37887423543558957,0.43984262234017785
0.6661227563700264,0.5317957717055235,0.42902943748178374,0.31899084154138585,0.2935733933483371,0.15777126099706745,0.4441340782122905,0.2726122707147375,0.30888263665594856,0.4495192307692308,0.38724316777963314,0.44435303795980724
0.6621553250695674,0.5415400202634245,0.41104841104841106,0.3160567326212572,0.27319192435471507,0.14125956444967627,0.44298245614035087,0.31150667514303876,0.339171974522293,0.43548387096774194,0.38743969545804763,0.4467560194520223
