Home,Work,Other,Shopping,Community,Food,Entertainment,Travel,Outdoors,Nightlife,macro avg,weighted avg
0.5154569892473119,0.4568497284248642,0.5854922279792746,0.3413926499032882,0.37809647979139505,0.0,0.0,0.016666666666666666,0.012965964343598054,0.1044776119402985,0.24113983182966975,0.3739723902590352
0.6083727211343687,0.43116701607267643,0.5806451612903226,0.4386873920552677,0.2736842105263158,0.06629834254143646,0.15384615384615385,0.17751479289940827,0.04431137724550898,0.1076923076923077,0.28822194753037667,0.39191919191919194
0.6456953642384106,0.4215686274509804,0.5768194070080862,0.4551223934723481,0.42649434571890144,0.016304347826086956,0.0,0.1689497716894977,0.050188205771643665,0.13333333333333333,0.2894475796509288,0.4131857855361596
0.5711382113821138,0.42363510711817554,0.6590909090909091,0.43023255813953487,0.28794992175273865,0.0,0.2608695652173913,0.21800947867298578,0.04429530201342282,0.18571428571428572,0.30809353391015576,0.38980931541106595
0.5691842900302114,0.4170124481327801,0.5616045845272206,0.3650088809946714,0.2847341337907376,0.01675977653631285,0.0,0.32075471698113206,0.006934812760055479,0.06542056074766354,0.2607414204500785,0.3738435000784068
