Shopping,Community,Food,Entertainment,Travel,Outdoors,Nightlife,accuracy,macro avg,weighted avg
0.45478904219156174,0.34509366828139065,0.49974724780948104,0.20382017237363148,0.13465553235908143,0.23557489821704342,0.2510511996042542,0.41710320742578805,0.3035331086909206,0.3890022502251625
0.44110556225245395,0.33357130108870253,0.5001414198553477,0.2094264622373651,0.16294305392239206,0.2444444444444445,0.2548070958938097,0.4139509147290396,0.3066341913849308,0.3855791557942353
0.4400189459180158,0.33810407279795035,0.5103121253350935,0.20623334491947626,0.13234800134363453,0.2620689655172414,0.24659279072729592,0.41848895059585794,0.30509689236552967,0.3887051272364637
0.4464049404499339,0.33569846793510194,0.5020551405825402,0.21189721928898275,0.14935391844269172,0.25229293071821646,0.25405405405405407,0.41730894233447857,0.3073938102102173,0.38863077542282015
0.4459561276989646,0.34320386275263853,0.5042948185092824,0.21919377004122764,0.1536093055080397,0.2455898566703418,0.24236983842010773,0.4172705454714915,0.30774536851437173,0.3900287194140121
