Shopping,Community,Food,Entertainment,Travel,Outdoors,Nightlife,accuracy,macro avg,weighted avg
0.44774279444759485,0.273649505452701,0.4782706260752488,0.21576247473962384,0.04706565950029053,0.10073303381414046,0.0485721910862023,0.3933165175703834,0.23025661215940027,0.3503695476787903
0.45140859343331985,0.30474167551696135,0.4735204841537678,0.20748059280169376,0.05286809410520751,0.12080223880597016,0.034520547945205475,0.39368235866987106,0.23504888953744657,0.3506901453182987
0.4466616654163541,0.29223800195886385,0.4737742953862538,0.18041634541249035,0.03534183082271147,0.1388392857142857,0.04559355018070614,0.3909960448149257,0.2304092821273808,0.34878633555829913
0.4365719134492999,0.29190751445086704,0.48705507611393023,0.16391509433962265,0.03044871794871795,0.1351056875136195,0.022053032291940146,0.3898792591187812,0.22386529087257107,0.3414935644851198
0.42970408794044135,0.2781925343811395,0.4885467517837026,0.21176782401272196,0.020934388562675516,0.19297553275453827,0.033776867963152504,0.388711006847578,0.2365568553426245,0.34260803861270295
