Shopping,Community,Food,Entertainment,Travel,Outdoors,Nightlife,accuracy,macro avg,weighted avg
0.4550762703303364,0.34203278688524597,0.49636916979262513,0.21615523465703973,0.1710505083104728,0.24798626700118842,0.27181247780277024,0.41680452164323134,0.3143546735399541,0.3926198615915597
0.4543432570857225,0.34236679655006347,0.49211347557789786,0.21569065713008495,0.16683054736152078,0.24442961974649766,0.2769193626267504,0.4150575812420026,0.3132419594397911,0.3899186018198291
0.45204092177327676,0.3544228899877435,0.5011005135730008,0.2081112398609502,0.13978849966953075,0.2698305084745763,0.2504758279406166,0.4187203517297235,0.3108243430399564,0.39254970727614935
0.4442705138239587,0.35702213959776913,0.49882884390162285,0.22341641893436998,0.16166883963494133,0.2611473815807751,0.24133368616035988,0.41716965363543507,0.3125268319476853,0.3915777557657057
0.4256386437529029,0.33579368608270344,0.511338092045589,0.22311488580282338,0.15455475946775843,0.24868651488616464,0.2609019754006709,0.4169326840179882,0.3085755082055161,0.38775813988684005
