Shopping,Community,Food,Entertainment,Travel,Outdoors,Nightlife,accuracy,macro avg,weighted avg
0.45206273016923904,0.3532303078268838,0.5041335249505542,0.22471662815010454,0.18505889646621204,0.24879356568364613,0.2750973221658605,0.42036577520448487,0.3204418536303572,0.39780858226412663
0.4604926423544466,0.35328209651001635,0.49531340233663534,0.22550629447181172,0.19345965770171145,0.25177959398892696,0.291126395309505,0.4191038306800235,0.32442286895329336,0.39788420026310545
0.4530395857829487,0.35668575277871334,0.5078524233830918,0.22204671104592125,0.18148654810761514,0.27577840679336835,0.27346102879171186,0.42341779474719426,0.3243357795261958,0.4007008248286381
0.4564996132394252,0.3623334171486045,0.501183483825721,0.22709794164216243,0.18594527363184077,0.2683290418755929,0.27952803795158737,0.4228340607298728,0.32584525847356194,0.40093559953114216
0.45465194109772417,0.3597418081651112,0.5047254824387886,0.23545120729943253,0.18003536408937468,0.2569190600522193,0.27475658988363805,0.4220355570053825,0.32375449328946976,0.4005088765788619
