Shopping,Community,Food,Entertainment,Travel,Outdoors,Nightlife,accuracy,macro avg,weighted avg
0.44942468225915627,0.24486757561510736,0.4948847865356655,0.2734211415062479,0.10632701093728367,0.10130278526504942,0.07281361297981798,0.40628206324036936,0.249005942156904,0.37009924771431996
0.47122323683234196,0.253589698359499,0.4723934886902506,0.2275867304334624,0.08935479845251466,0.10469001361217671,0.08862433862433863,0.4005137986065159,0.2439231864292263,0.36311695273508143
0.4540570326491252,0.2635894722920249,0.47219416360081184,0.23505947717073863,0.08821781001070025,0.11572448856070693,0.08791490452390106,0.393215238035834,0.24525104982971557,0.3566839924497922
0.45846756526893634,0.2738719502621911,0.4782391934560629,0.21405889145496537,0.08506075768406003,0.11604997597308986,0.09326960341041209,0.39623864603753545,0.24557399107281683,0.35634278050715
0.4234952273622182,0.2712738525012893,0.4831660217224683,0.2192158665528338,0.06161584407419051,0.13729879543758658,0.08746355685131195,0.3822905827772084,0.24050416635741412,0.3404373052840245
