Shopping,Community,Food,Entertainment,Travel,Outdoors,Nightlife,accuracy,macro avg,weighted avg
0.45160245378899844,0.3310813874404897,0.4989843902167561,0.2120004554252533,0.16238471673254282,0.24450990894483124,0.27157570735172254,0.41610375884569434,0.31030557427151345,0.38989919584154087
0.44831600831600826,0.3346535534689155,0.4952995417226245,0.2088235294117647,0.17809324084529765,0.2291348423830024,0.2800378429517502,0.4139970258337464,0.310622651299909,0.3875813421078258
0.444659255679072,0.3413220963918884,0.5026437541308658,0.19734523669681664,0.1343557259543257,0.26685044796691937,0.2614814814814815,0.41640634039106794,0.30695114261448136,0.3885685184408421
0.4528116357676944,0.3390569395017793,0.49619555280516453,0.21570238234948952,0.16726094003241493,0.2613120616146335,0.2647873143720111,0.41716965363543507,0.3138752609204553,0.39142781822019895
0.4177546936052607,0.3254665203073546,0.5134659525631217,0.21726052753354927,0.14497816593886464,0.24415871699156638,0.246606914212548,0.41542978306964606,0.3013844987360379,0.38263853091183914
