Shopping,Community,Food,Entertainment,Travel,Outdoors,Nightlife,accuracy,macro avg,weighted avg
0.42584279872785097,0.3301041857064522,0.4955058930507467,0.24967634547808396,0.15384615384615383,0.22004760645331922,0.1984660766961652,0.4064982664685488,0.29621272285125316,0.378860280567562
0.45178149655761596,0.33467057552846785,0.48700809411535945,0.243738604740428,0.13025700934579437,0.1926308985132515,0.21889483065953655,0.409701870635102,0.29414021563720766,0.38268109562533403
0.4358261173795155,0.3202527924750147,0.4877762852607156,0.21789032610675896,0.1683168316831683,0.1767110642226032,0.2,0.39963554528797895,0.28668191673253945,0.3706510934984179
0.4427440258495189,0.31698228002129436,0.48681448040679115,0.20215439856373432,0.1539929136004361,0.21677481374669552,0.18891362943864992,0.40021361762445223,0.28691093451816,0.3689637636740733
0.4272655456494752,0.3300793861814867,0.5050391535656644,0.22599147820386759,0.1206611570247934,0.21996021996022,0.1876657060518732,0.4043157979021539,0.2880946638053401,0.37182240790878335
