Shopping,Community,Food,Entertainment,Travel,Outdoors,Nightlife,accuracy,macro avg,weighted avg
0.43874691891208634,0.3294117647058824,0.4998870957029953,0.1961973638166336,0.11115082201572551,0.23514851485148514,0.18433179723502302,0.409279937505744,0.2849820396056902,0.37607828928274284
0.44172243970198255,0.33465461185587675,0.4953983626732302,0.19598224713851906,0.11241217798594845,0.22992299229922994,0.19496344435418358,0.4089478598683528,0.28643661085842437,0.3755553507253634
0.4402146357951665,0.32957478603450613,0.5024101547854962,0.1970743124634289,0.10776766969909028,0.26177864510733206,0.1879267959573887,0.41184773805391645,0.2895352856917727,0.37882066851748636
0.4409600267603278,0.33394809050425084,0.49773144647293943,0.20518281860134896,0.10754214729370008,0.25193962477077164,0.18316690442225392,0.4108204104373665,0.2886387226893704,0.3779399307671317
0.44409931370285644,0.32720957864911804,0.5002449379490529,0.2103192966219343,0.11439842209072978,0.23427453173050042,0.19158878504672897,0.41130554325791646,0.28887640939870296,0.37884554089419
