Shopping,Community,Food,Entertainment,Travel,Outdoors,Nightlife,accuracy,macro avg,weighted avg
0.43132247377139704,0.32491538661806824,0.489882981005267,0.24575480500093302,0.14363663176522637,0.20436562073669848,0.18907866249699304,0.403764239722635,0.28985093734208334,0.3751465672959064
0.4394656421898193,0.3327140424214275,0.4913018587968642,0.2432226040473463,0.1253140239397074,0.18277587569133527,0.15248363496341935,0.4062447223850349,0.2810396688642742,0.3753926807041873
0.4390996304959491,0.31527829660067236,0.4853402038869827,0.21900975786049875,0.15609626379470817,0.17208617690351932,0.1974176420900205,0.39855014737512945,0.2834754245189072,0.3688943406316464
0.44191263490717675,0.3123679256157068,0.48724060741726666,0.1975755382666908,0.133539065787628,0.2127862595419847,0.18528097813308253,0.3988460655426786,0.28152900138136233,0.3660662559171502
0.42974488872806227,0.31774881422137186,0.5060468677105637,0.22492002296776312,0.10745428973277076,0.19515211476626268,0.18063907558070982,0.4035751461285932,0.2802437248153578,0.36797086480582336
