Shopping,Community,Food,Entertainment,Travel,Outdoors,Nightlife,accuracy,macro avg,weighted avg
0.4527069830904927,0.3757843570481661,0.4825529162324361,0.22521655437921081,0.10744810744810745,0.26499083529719825,0.31301629828086625,0.4101161262638453,0.3173880073966397,0.3920874559607227
0.45046142315079407,0.3964415689446017,0.4624259553215378,0.2508992805755396,0.1172360248447205,0.267897091722595,0.29573098020510374,0.4046331423036565,0.32015604639498463,0.38919511774686616
0.4681955863262657,0.3802274558968389,0.4683169489517944,0.21702023896610584,0.11430823807646827,0.27614379084967317,0.2967927237912877,0.4097767700488569,0.31728642612263336,0.3914307353219429
0.44966542750929367,0.3824298119888711,0.4878933333333333,0.22427572427572426,0.10234899328859061,0.2596324836988737,0.2864359686789593,0.41257681167266724,0.3132402489676637,0.392561020007378
0.4691268801662225,0.39070713922333394,0.46829003068080316,0.23300970873786406,0.11990008326394672,0.2651162790697674,0.2943161173111861,0.4126358695652174,0.32006660549330335,0.39512373029662606
