Shopping,Community,Food,Entertainment,Travel,Outdoors,Nightlife,accuracy,macro avg,weighted avg
0.4453148282174635,0.3373791764134705,0.5052252448907201,0.22340780260086696,0.17753164556962026,0.24598646676396443,0.2676615717896257,0.41819455932359156,0.3146438194636759,0.39282928641333714
0.4557903773045007,0.3426542776998598,0.49548038658328597,0.21900552486187844,0.18228170809432762,0.2466913710958179,0.2836662749706228,0.4172132753870451,0.31793856008718474,0.39314929418389916
0.4545079600758888,0.3515279241306638,0.5032355756181878,0.2080591155755686,0.1581795035009548,0.27716156621675797,0.26716999512907935,0.420409580006942,0.3171202343210145,0.3960303572634908
0.4511970534069981,0.3648703900564233,0.495715208497811,0.2204724409448819,0.17749054224464061,0.26543209876543206,0.2629001883239172,0.41856254062587056,0.319725417462872,0.3959007027126609
0.4338535902242902,0.3335886460914621,0.5118558288369104,0.23183545718756987,0.16853562005277045,0.25067024128686327,0.26016664593955974,0.41883169839457557,0.31292943280277513,0.3912439556260026
