Shopping,Community,Food,Entertainment,Travel,Outdoors,Nightlife,accuracy,macro avg,weighted avg
0.45307185537000155,0.3271983640081799,0.5066384912882261,0.21019529956967892,0.14275092936802974,0.23656745264785464,0.18328383538396267,0.4167007289324886,0.2942437468051334,0.38437230528962135
0.46070604931701253,0.35021179537308567,0.49827697834213985,0.21488417939871857,0.16351285783600195,0.23284986279890243,0.18045755826384435,0.41720496257561773,0.3001284687613865,0.3873954573727257
0.45826168280689056,0.3414827018121911,0.5092879574703915,0.20064178348251985,0.1341222879684418,0.25211437776882806,0.18452895419187554,0.42038555208726375,0.29720567792873404,0.38885446133399043
0.4535267384672851,0.3398032438181335,0.5131975942613942,0.21409028727770177,0.14462705436156764,0.2528969302703802,0.15712630359212051,0.4224542811430144,0.2964668788640833,0.389161787119648
0.45351191403208224,0.34312682797128424,0.5120545498822957,0.21533277169334458,0.1440162271805274,0.24055666003976145,0.1726137377341659,0.42121259217047435,0.2973160983619231,0.3891507979130213
