Shopping,Community,Food,Entertainment,Travel,Outdoors,Nightlife,accuracy,macro avg,weighted avg
0.4555041255785872,0.3377084072366088,0.4998583890336468,0.21851809567302202,0.1766863339180354,0.25378346915017463,0.27344579450277223,0.4184472934472934,0.31650065929897814,0.3941777644200938
0.448008210917955,0.3566606290136671,0.4964364847509773,0.22039911308203994,0.1866330390920555,0.2545082491367182,0.2794520547945205,0.41672910878762376,0.3202996829697048,0.3941516929597145
0.4559025289239275,0.3490393994656262,0.5031838893760152,0.21092408107179667,0.16198083067092653,0.27702972936941744,0.2719790051294286,0.4206525511975009,0.31857706628673405,0.39674205273669216
0.45734655412603453,0.3638591618331835,0.4935080264400378,0.2297419646899049,0.18178997983558243,0.2684475006612007,0.2853737036595542,0.41964202804345807,0.3257238416064997,0.39921866190260674
0.43610948806687944,0.33355871084065813,0.5116862110796604,0.23302711180820077,0.1755015495025281,0.25683930942895083,0.2665692007797271,0.419682177225808,0.3161845116438006,0.3930425660180891
