Shopping,Community,Food,Entertainment,Travel,Outdoors,Nightlife,accuracy,macro avg,weighted avg
0.45230276660372715,0.3342370772034312,0.5027252502780868,0.21288450377248985,0.16942551119766308,0.2548144369340645,0.26802639472105577,0.4182979505560151,0.31348799153007406,0.39262695806253656
0.4513487676129515,0.33853572994300746,0.49809299455942563,0.22357229647630622,0.17842790548143386,0.2505252100840336,0.2710526315789473,0.4165561921449733,0.31593650510515797,0.3917508220255714
0.4521198905597498,0.3473626327143522,0.5025121324578932,0.20584498094027956,0.15945257797581158,0.27506702412868633,0.2597275070578127,0.41853523082263105,0.3145838208335122,0.3938205523620243
0.4486787553917668,0.358917223735248,0.49810323025635134,0.22583559168925027,0.17243012790146847,0.26543209876543206,0.270578041836861,0.4181330671371529,0.31999643851091114,0.39574329729621527
0.4501045428625737,0.3493991252282475,0.5040984190793882,0.219067405355494,0.1755577109602328,0.2572430817201507,0.2586078771364875,0.4191462590581821,0.31629688033465353,0.3949656186340869
