Shopping,Community,Food,Entertainment,Travel,Outdoors,Nightlife,accuracy,macro avg,weighted avg
0.4249573815206274,0.37187895524105397,0.5085860431128973,0.21398949405584738,0.09722948248823837,0.20007493443237168,0.18706293706293708,0.40895410082769,0.2862541754162819,0.37729571809606677
0.43043016463090816,0.3676703645007924,0.5121808776906391,0.22381477398015437,0.11413043478260869,0.20536051340128347,0.1888263317453443,0.4118979003705229,0.29177335153310435,0.3818050119942921
0.43328038125496426,0.38023079613008515,0.5076929491723304,0.23869699522606008,0.09720785935884178,0.21515151515151518,0.17557583659278575,0.4129349808969814,0.29254804755522607,0.382290496601105
0.42464065708418897,0.3762949760499053,0.502982522003921,0.22110552763819097,0.09784324039978959,0.21056632459141011,0.17962466487935658,0.4070658930791546,0.28757970180668035,0.3756020849065903
0.42098229201470094,0.38264481883221785,0.5032514145764716,0.22765598650927488,0.1248,0.21032793064455335,0.17414018284719196,0.4079312257348863,0.2919718036320586,0.3790372713616101
