Shopping,Community,Food,Entertainment,Travel,Outdoors,Nightlife,accuracy,macro avg,weighted avg
0.449390942217595,0.3509009390068522,0.5066674184545121,0.22347480106100795,0.18332292317301688,0.24926529521773977,0.2772254064802901,0.4207678522194651,0.320035389373002,0.3975812595696462
0.4588043920292802,0.35708976794120084,0.49689386520105827,0.2134844192634561,0.1942046855733662,0.2603443844769982,0.27666511411271544,0.41933438620355745,0.322498089799725,0.39720694562489983
0.4544741621264653,0.343530855539972,0.5100107459985294,0.21623472999200824,0.17955339510861312,0.2710843373493975,0.2657580919931857,0.4232905241235682,0.3200923311583101,0.3984217246710691
0.45871744293707983,0.3639834024896266,0.4993898991101456,0.228364295423652,0.1941185433490782,0.2631865144100054,0.2930129476262685,0.4228572755130467,0.32868186362083657,0.4023255230928844
0.45820458777548134,0.3614096273165984,0.5020848224922564,0.235709556389318,0.1907128436092561,0.252784113779686,0.2588996763754045,0.42144138686301463,0.3228293182482859,0.4001153246832058
