Shopping,Community,Food,Entertainment,Travel,Outdoors,Nightlife,accuracy,macro avg,weighted avg
0.4555458097440396,0.3441784501654704,0.4996276468687209,0.2027027027027027,0.1335891175444716,0.23532715529345688,0.24925521350546176,0.4170572557669332,0.3028894422606177,0.3887378820679433
0.4398607597673564,0.3341952741863576,0.5005307641660285,0.21053824362606233,0.16257977830030235,0.24498945147679327,0.2533316726865114,0.4138932758481561,0.30657513488705884,0.3854812103349252
0.43948989703157987,0.33785755338432294,0.5104561970125151,0.20622387366465394,0.13196776359973136,0.2616664316932186,0.24643221202854232,0.4184195302556983,0.3048705612020806,0.38852169225028643
0.4456195572342881,0.3382595883377238,0.5009728566105952,0.213249063670412,0.1545589938772133,0.2625638269282451,0.24600309437854564,0.41632231404958675,0.3087467115767176,0.38893909557513356
0.4453859622576252,0.34299372572452946,0.5046852972883323,0.2192942254812099,0.15387245683022738,0.24438008550544754,0.24166239096972805,0.4172355942866463,0.3074677348653,0.3898810609190392
