Shopping,Community,Food,Entertainment,Travel,Outdoors,Nightlife,accuracy,macro avg,weighted avg
0.45710272873194224,0.3405471980293833,0.49890078515346176,0.21426102983527243,0.1808761186999529,0.25521628498727733,0.2782060266292923,0.4185736605091444,0.31787288172379746,0.395020556056769
0.46107183030692594,0.3570715474209651,0.4897801084559919,0.23120888601315645,0.1929770043505283,0.25504397309881016,0.30049423393739705,0.41792799751000037,0.32680679765482495,0.3980611017306968
0.4559168759058526,0.3538254808096078,0.5033032339959034,0.20773225620311597,0.1637630662020906,0.27580645161290324,0.26894394996391624,0.4209996528982992,0.3184701878133414,0.39709676921141807
0.4517910947438901,0.3701705672352241,0.4949716292501705,0.224665063552044,0.17691202299217626,0.2635153490899212,0.26608587429993774,0.4189107623734794,0.32115880016619486,0.39701295348702126
0.4508992080174958,0.35462058602554475,0.5028568138969244,0.23024170882518272,0.17627008602499594,0.25917252146760345,0.27539341917024324,0.420043339469208,0.3213506204897129,0.3977065311416364
