Shopping,Community,Food,Entertainment,Travel,Outdoors,Nightlife,accuracy,macro avg,weighted avg
0.46911723469881983,0.38851286939942803,0.4690807679469371,0.24550185873605945,0.21618231235626173,0.23768758183100008,0.23462727585022328,0.41544451252142484,0.3229585572598185,0.39822537944491443
0.47517925727843535,0.3795247378681701,0.48547373170756714,0.26373162669667344,0.19938487644501007,0.21080564695892157,0.26522706667765594,0.42352895392278955,0.32561813480463336,0.40442840293158344
0.484555059636382,0.4048726766008136,0.46736673573177623,0.23816335288227725,0.25322857400885035,0.2044221944096788,0.2700221589110478,0.4204663515994219,0.3318043931686894,0.4045167100257385
0.46804742733020654,0.4005356708059411,0.4882954933518402,0.2664341986310216,0.24594348222424792,0.2365062860383779,0.30095347336726647,0.42385637568107876,0.34381657596412885,0.40961110395294753
0.45978797045758046,0.3695071492169905,0.4846908058828589,0.22270270270270268,0.23276776246023334,0.26000501295012113,0.2259101572682249,0.41142960555822206,0.3221959372769589,0.3902478926713184
