Shopping,Community,Food,Entertainment,Travel,Outdoors,Nightlife,accuracy,macro avg,weighted avg
0.46358363379840095,0.3366109237063088,0.5003619581938287,0.28281821203057494,0.2280871670702179,0.23902049507585843,0.1478238475405614,0.42394731960675197,0.3140437482022502,0.403675293657501
0.4515735627900674,0.32710144927536233,0.4979634510248088,0.2502625131256563,0.20156881388162587,0.1903143585386576,0.2287526427061311,0.4165083975719659,0.30679097019175844,0.39487882560410875
0.46752996369011274,0.329105245114844,0.4906433161499894,0.2446696959105208,0.23282937365010797,0.20875251509054324,0.22477368072422169,0.41589596995684097,0.3140433986186199,0.39566338222186503
0.4390671192379284,0.3649728347714925,0.5005860317606233,0.2690483717989251,0.25152728038761324,0.24267599475295148,0.22212310437109725,0.41732903419316136,0.3271429624400902,0.3978891897629941
0.45493730407523514,0.33461327482172243,0.4874731386676779,0.27420456097227913,0.2665229885057471,0.20309810671256456,0.23244761287535104,0.4089139633286319,0.3218995695186539,0.3891151126293304
