Shopping,Community,Food,Entertainment,Travel,Outdoors,Nightlife,accuracy,macro avg,weighted avg
0.4576189905287136,0.33309633842872377,0.49829186357683775,0.2153000458085204,0.17496421186575473,0.25482625482625487,0.27207524985302767,0.41745933278191344,0.3151675649839761,0.39313464149580657
0.45774231075371963,0.34456341951771574,0.49360551959598836,0.21922353721933416,0.17598710717163576,0.24725056313767058,0.2816834617664493,0.41706341429674804,0.31715084559464474,0.39290011416436005
0.450625052437285,0.35609103078982596,0.5027718131166408,0.2065923862581244,0.15584,0.26991692768623177,0.24840112560757227,0.41940298507462687,0.31289119084224,0.3936493840755695
0.4505259628682788,0.3604216817464929,0.49821307011572497,0.22250229147571035,0.16165535079211124,0.2633237429784902,0.25325260852763104,0.4187018293249141,0.31569924407206285,0.3943540751969753
0.4434778788278195,0.34741824440619623,0.5069774531949391,0.23517721099701888,0.16198125836680055,0.25672823218997365,0.26635514018691586,0.4197404292005499,0.3168736311670948,0.39489670265266213
