Shopping,Community,Food,Entertainment,Travel,Outdoors,Nightlife,accuracy,macro avg,weighted avg
0.44953454189122977,0.33048846922099145,0.49969720325919403,0.21047804654362032,0.15505168389463153,0.2471218206157965,0.26198858807818376,0.41572465766014155,0.30776576478623535,0.3884902576117358
0.4453753490892418,0.33092937814668666,0.4958785959932311,0.2085458460840984,0.1591060707138092,0.23637592968221774,0.25329153605015675,0.412486887154599,0.3042146722513488,0.38400196527387825
0.4329316913263046,0.3484374330175333,0.5038923517294882,0.19828497591918243,0.13631061489751709,0.2665921475478552,0.2515090543259557,0.41513363415480736,0.3054226098234052,0.3865462485633476
0.44212101774641865,0.326707558917124,0.5027766199190544,0.21855146124523506,0.1531772575250836,0.25629483752989174,0.25368502715283164,0.41639195839910853,0.3076162542908056,0.387315313162196
0.4490320948083168,0.33731621729667305,0.4991849756885911,0.22081510476629057,0.15928607509681764,0.2484538854530788,0.2516153553781832,0.41601230281706547,0.30938624406970733,0.38947707536390297
