Shopping,Community,Food,Entertainment,Travel,Outdoors,Nightlife,accuracy,macro avg,weighted avg
0.4520993343573989,0.23563487668782215,0.49447452347400433,0.2857346140163643,0.12893470790378006,0.17533718689788053,0.10989898989898989,0.41038463713553996,0.2688734618908915,0.3779635225784259
0.46232635554702006,0.24831329388262785,0.47856982990152197,0.22350420306576563,0.11546391752577319,0.14528972191596226,0.0895933838731909,0.4023788332389352,0.25186581510169453,0.36554712866173034
0.46267146534830994,0.2506351762390409,0.4721777228773812,0.24689396128286623,0.11598196392785572,0.11969450356829847,0.10685566307755213,0.397656363960518,0.2535586366173292,0.36105994642100236
0.45959205439274764,0.26424315458258013,0.4802812301899841,0.21980840310779212,0.12982372558361124,0.13407282372799614,0.12434396447315299,0.3994382569730818,0.25888076515112346,0.36178179639503705
0.41887966804979254,0.2603083542488347,0.49048210898148753,0.22666202575704844,0.14179258952597806,0.16994729482628806,0.11498257839721256,0.38951185994128984,0.2604363742552346,0.34962163141421676
