Shopping,Community,Food,Entertainment,Travel,Outdoors,Nightlife,accuracy,macro avg,weighted avg
0.45065580814798145,0.34328867650823447,0.5004677921606412,0.21484018264840182,0.14965295412222784,0.2397827562797013,0.25251780889216413,0.4164254204576785,0.3073151398227646,0.3899291437144443
0.4421831241849627,0.3388692733533848,0.4972850863465019,0.21130109840335182,0.16183816183816185,0.24389596602972397,0.24646464646464647,0.4128557759922533,0.3059767652315334,0.3852256155962592
0.4475279704981562,0.32403064778267937,0.5054129966458509,0.20046349942062572,0.14725745346730354,0.27659858496862905,0.23582242750833973,0.41686914265879904,0.3053019400416549,0.3874150903435053
0.44517780457362865,0.3360511734762827,0.5031721071467303,0.2116600327792086,0.15248876310970533,0.24945864010394111,0.23873517786561266,0.41720447581019593,0.30524909986501564,0.3877274974232649
0.4569044469319223,0.3350893781800171,0.4976726309945766,0.22410865874363325,0.16364543489106934,0.24983210208193418,0.2377892030848329,0.4166647249341753,0.3092916935582837,0.3903322310738903
