Shopping,Community,Food,Entertainment,Travel,Outdoors,Nightlife,macro avg,weighted avg
0.41761158936630133,0.3929478413752686,0.41778378756440443,0.45240384615384616,0.4169811320754717,0.40672501151543067,0.45954403218596335,0.4234281771766694,0.4187581601905905
0.4236267562364314,0.4030485275819162,0.4041809534343546,0.4492055849783341,0.4189655172413793,0.4217530977512621,0.471725471242146,0.42750084406654626,0.41899307806992375
0.4178825726625423,0.4193509615384615,0.4131428189295825,0.4433623782675551,0.38107416879795397,0.43365424863959817,0.4515970515970516,0.42286631434753497,0.41960573206845164
0.42103157136569164,0.41797400268937696,0.4086445305619165,0.4720626631853786,0.43412322274881515,0.45188284518828453,0.46725116039195463,0.4389957137330597,0.42598946362471396
0.4163884561169226,0.40547019723221095,0.4164919470122939,0.46808510638297873,0.3929712460063898,0.40103492884864167,0.4532092111709946,0.42195015611006176,0.41905830902106794
