Shopping,Community,Food,Entertainment,Travel,Outdoors,Nightlife,macro avg,weighted avg
0.3858554118330715,0.33569663766247715,0.4328210977357851,0.4028662420382166,0.37245392822502427,0.4242709313264346,0.31257078142695355,0.38093357574970893,0.396451797302663
0.42018654088318785,0.3543679747584303,0.3967578646625881,0.39066979410998176,0.33271375464684017,0.35576114381833474,0.350418410041841,0.3715536404173148,0.38896225989705246
0.416716472805848,0.35926092834610185,0.3864132742825942,0.414989939637827,0.3464052287581699,0.30253164556962026,0.31125226860254085,0.3625099654289574,0.3826032269811692
0.4265333525152256,0.3940900054220134,0.3808431484994192,0.3835014222911818,0.3602421796165489,0.35488611315209406,0.3467819404418828,0.37812545170548084,0.3916248172895294
0.37587370450711016,0.36671587926509186,0.3894933542300853,0.40667641325536064,0.3259423503325942,0.4236842105263158,0.2753391859537111,0.366246442581467,0.3757405080458993
