Shopping,Community,Food,Entertainment,Travel,Outdoors,Nightlife,macro avg,weighted avg
0.4162498160953362,0.40718562874251496,0.42125739927439376,0.4603174603174603,0.3890449438202247,0.3866771777690185,0.45062208398133746,0.41876493000004084,0.4189615190837054
0.4292914805556694,0.39399727148703956,0.41306747457666926,0.4386584289496911,0.3951935914552737,0.4041429731925264,0.46108490566037735,0.4193480179824638,0.4180085455395451
0.41945815592147406,0.3970474720185257,0.4259881230529595,0.44839337877312563,0.3722466960352423,0.433097123801584,0.4344512195121951,0.4186688813021581,0.41954806100467507
0.4206995326398311,0.3974301775675917,0.4242086038961039,0.45948392937980986,0.3919732441471572,0.3985080486847271,0.4371804236669102,0.41849770856887586,0.4193902576306981
0.4347027462927288,0.4042390473068939,0.4134303326000305,0.471441523118767,0.3927007299270073,0.40224625623960064,0.44309437019036046,0.4231221436679126,0.4222383968495098
