Shopping,Community,Food,Entertainment,Travel,Outdoors,Nightlife,macro avg,weighted avg
0.41340700887014686,0.39745235509035254,0.4187452936746988,0.4590766002098636,0.4295227524972253,0.43494038361845516,0.4653828519027969,0.4312181779805056,0.42196161886410094
0.42528640212518676,0.41009325287986836,0.4039026300332833,0.4495368113115553,0.43812104787714545,0.41942805265546984,0.4647058823529412,0.43015343989077864,0.4208889076289183
0.42311195760185494,0.406133927623899,0.41399283091449557,0.45594262295081966,0.3731060606060606,0.4648027958062906,0.4627151051625239,0.4285436143808492,0.4223141073225525
0.4195522564851739,0.4195661997288748,0.40961251364780854,0.4762658227848101,0.44190665342601787,0.4314671814671815,0.465785747994337,0.4377366250763148,0.4256569562536871
0.4266765529741308,0.3872336322437566,0.414569144210838,0.47564612326043737,0.41382488479262675,0.4183098591549296,0.458960660514813,0.4278886938787903,0.4214790087072342
