Shopping,Community,Food,Entertainment,Travel,Outdoors,Nightlife,macro avg,weighted avg
0.39298292691107906,0.4065370070232307,0.4097008019740901,0.4410323423717739,0.42570281124497994,0.43905013192612136,0.42951991828396324,0.4206465628193197,0.41124442791388083
0.4120199211708271,0.4065604498594189,0.408040241940411,0.44281729428172945,0.34520123839009287,0.37194208686969543,0.46142284569138275,0.40685772545765103,0.4093718114887262
0.41078318219291016,0.387515561088387,0.3964192850479347,0.3984010659560293,0.41146496815286626,0.33004926108374383,0.4459893048128342,0.39723180404781505,0.3994382390639526
0.4188163374983206,0.38692907538061644,0.3903962939894114,0.37912457912457914,0.4339477726574501,0.39893852277753206,0.46697566628041715,0.41073260681547535,0.4048171890859856
0.39841448014592395,0.39179440937781784,0.40978581406177245,0.4195314876787344,0.37244897959183676,0.3959561920808762,0.42110708742886704,0.40129120719511835,0.4027413474753147
