Shopping,Community,Food,Entertainment,Travel,Outdoors,Nightlife,macro avg,weighted avg
0.41721927907235207,0.40434108527131785,0.4181991651759094,0.43864468864468864,0.3925925925925926,0.39470365699873894,0.45161290322580644,0.4167590529973437,0.4168522926610862
0.41785834928499044,0.4096814752724225,0.4096241096405651,0.4398359161349134,0.4052547770700637,0.4284377923292797,0.47143444307439375,0.42601812325808985,0.4191947834474482
0.41918049752769365,0.40139766417767564,0.4188701497818139,0.460276781137878,0.3665511265164645,0.4377474703035636,0.4651272384542884,0.42416441827133966,0.42071006177907955
0.4201576441403593,0.4065236216684307,0.4124550401180485,0.46106654082114207,0.4189189189189189,0.43040293040293043,0.47823807026743576,0.4325375380481808,0.42300361187300006
0.43882583919934876,0.39923873969126666,0.4069509541345832,0.48770697441043653,0.4114441416893733,0.4018284719198955,0.45454545454545453,0.42864865365576554,0.4234635629339354
