Shopping,Community,Food,Entertainment,Travel,Outdoors,Nightlife,macro avg,weighted avg
0.42292505419634563,0.3923382992504858,0.4262614596116365,0.42417947652679683,0.3719626168224299,0.4095322153574581,0.45334370139968894,0.4143632604521202,0.41791058760623917
0.4164617387530739,0.40003804451207914,0.4260603744745892,0.4325913481730365,0.37279151943462896,0.4284432480933154,0.42776673293571904,0.4148790009109203,0.4173918956958394
0.41942630151636684,0.4020119578627693,0.43036986435054164,0.45054945054945056,0.355145746579417,0.44151920586965904,0.4464988198269079,0.42078876379358743,0.422240220838009
0.41767861133874695,0.40833097194672713,0.4278124220503866,0.4532731376975169,0.40405405405405403,0.41878172588832485,0.44708171206225683,0.4252875192911448,0.42352094870210244
0.4240177909562639,0.38747675139491633,0.4309197357886309,0.466696074106749,0.3835616438356164,0.388318863456985,0.43123369362653746,0.41603207902367123,0.4201916029625118
