Shopping,Community,Food,Entertainment,Travel,Outdoors,Nightlife,macro avg,weighted avg
0.41536041350637676,0.3732293490370842,0.44766029792746115,0.42720883534136544,0.3589939024390244,0.4600409836065574,0.3400473933649289,0.4032201678889712,0.41706299963844246
0.46051267878117874,0.3809925725860905,0.41213585232189215,0.39568345323741005,0.3419354838709677,0.3771043771043771,0.3308868501529052,0.3856073240078316,0.40964228525309215
0.443327239488117,0.374414976599064,0.41741429029157323,0.44191919191919193,0.3809187279151943,0.31368102796674224,0.3602264685067233,0.3902717032409436,0.4092001105643484
0.46180422264875237,0.4005331088664422,0.408070740754618,0.4161369193154034,0.402020202020202,0.32957244655581946,0.38664596273291924,0.4006833718420224,0.4160871596626465
0.4014985590778098,0.3817868878109842,0.4250507009963848,0.3892981775882125,0.41755768148565,0.4113545816733068,0.3864942528735632,0.4018629773579873,0.4056456046667397
