Shopping,Community,Food,Entertainment,Travel,Outdoors,Nightlife,macro avg,weighted avg
0.404436328003207,0.36208053691275166,0.38793835699551027,0.4686022957461175,0.39705882352941174,0.3604060913705584,0.5112359550561798,0.4131083410876766,0.4006895354382256
0.40837000366703335,0.3880668257756563,0.3811113471518315,0.44545454545454544,0.4878048780487805,0.4098101265822785,0.5080645161290323,0.43266889182987966,0.40990223589959845
0.40481370682621703,0.37302703547429283,0.3835447715235866,0.4105263157894737,0.4959349593495935,0.3858560794044665,0.4823529411764706,0.4194365442205858,0.40142308451576575
0.3949906434432129,0.3781539964186879,0.38846710584620836,0.34236453201970446,0.49137931034482757,0.5201342281879194,0.4,0.41649854518008006,0.39973851113093295
0.37663133097762075,0.3531759228466911,0.395032489220866,0.46211683053788316,0.41836734693877553,0.5433333333333333,0.35106382978723405,0.414245869091772,0.39903306382824827
