Shopping,Community,Food,Entertainment,Travel,Outdoors,Nightlife,macro avg,weighted avg
0.3835244548692555,0.3452321517723415,0.4365505500261917,0.4351029252437703,0.3405954974582426,0.4761627906976744,0.4420368364030336,0.4084578866386443,0.40944485194476243
0.422873337080757,0.36130306021717673,0.39431100456410495,0.43102352193261284,0.3771043771043771,0.3929754804506296,0.37746806039488967,0.39386554882064967,0.3986549893298507
0.41934435364041606,0.36697055433301895,0.3869171885873347,0.41652449427248356,0.4690982776089159,0.3038779402415766,0.43946188340807174,0.4003135274416882,0.3985666287154421
0.4271553540009417,0.3978028623261439,0.38297285705532746,0.3964625850340136,0.4016212232866618,0.34858934169279,0.46107784431137727,0.4022402953867508,0.4021260804119622
0.3867710243288361,0.37303811659192826,0.3869792818697928,0.44627192982456143,0.4896354538956397,0.4491188175099488,0.38613861386138615,0.41685046255458474,0.4004926863131434
