Shopping,Community,Food,Entertainment,Travel,Outdoors,Nightlife,macro avg,weighted avg
0.41451008388363375,0.38403179190751446,0.4329657573998839,0.3762057877813505,0.4074074074074074,0.3318032786885246,0.36041131105398455,0.3867622025888999,0.4037216597076115
0.40063328055995334,0.37748344370860926,0.4340116279069767,0.37424547283702214,0.3378076062639821,0.3645357686453577,0.3732691149909693,0.38028375927326724,0.3980552996886379
0.3892926530905951,0.40132325141776937,0.4534057029279107,0.3723849372384937,0.3485576923076923,0.3439620081411126,0.3659976387249115,0.38213198340692645,0.40448757341899366
0.41672025723472667,0.3724749548365906,0.4321889763779528,0.4001782531194296,0.38006230529595014,0.3740392826643894,0.3836265223274696,0.39418436455092987,0.4068308868892877
0.4031206334420121,0.38126758232665897,0.44682427925591045,0.3877068557919622,0.36272040302267,0.36803874092009686,0.38388625592417064,0.3905092500976402,0.4074821578588216
