Shopping,Community,Food,Entertainment,Travel,Outdoors,Nightlife,macro avg,weighted avg
0.41305762417757214,0.39773517433197575,0.4188320101769182,0.4569327731092437,0.4317925591882751,0.4346473029045643,0.46675964667596465,0.43139387008064484,0.42198058032775126
0.425838322099887,0.4103799408737545,0.4036365212491602,0.44857556735876386,0.4368231046931408,0.41715312079030087,0.4669421487603306,0.4299069608321911,0.42085139295743174
0.4228218519439609,0.4063164610803913,0.4138427633158044,0.4593895499224004,0.3714555765595463,0.46609743847312907,0.46290090952608903,0.4289749358316173,0.42247936449251855
0.41844334975369457,0.4152598114448586,0.4114700215346254,0.47522170057381324,0.42804766269477545,0.40255459414915534,0.4532066508313539,0.42917197014032527,0.42193284182451596
0.4277528649725959,0.38645763200923344,0.4142484401588202,0.476593625498008,0.41360294117647056,0.41694117647058826,0.4579484686436558,0.4276493069899104,0.421446073636494
