Shopping,Community,Food,Entertainment,Travel,Outdoors,Nightlife,macro avg,weighted avg
0.4270448243992606,0.410958904109589,0.41092390777091486,0.43672627235213207,0.40055632823365783,0.39105431309904154,0.47840531561461797,0.42223855222560197,0.41972550284280796
0.42,0.41984375,0.4120410348519913,0.4461118690313779,0.41967621419676215,0.4133611691022965,0.4632272228320527,0.4277516085734972,0.4218112348534925
0.42276649039799613,0.41231699554423934,0.4196745712256013,0.42950108459869846,0.38472418670438474,0.42498302783435166,0.45766345123258306,0.4216614010768364,0.4208404982653234
0.42918581359726643,0.4108664201896801,0.41636676069124273,0.46097201767304863,0.46579804560260585,0.43044982698961937,0.5044642857142857,0.4454433100653927,0.4315231625028529
0.4287144455567988,0.40858002216241884,0.4171819714956516,0.4650655021834061,0.42199108469539376,0.40604026845637586,0.4645858343337335,0.43030844698339693,0.4252481648865869
