Shopping,Community,Food,Entertainment,Travel,Outdoors,Nightlife,macro avg,weighted avg
0.420219662878499,0.404344553177761,0.41847222222222225,0.47390180878552973,0.39695817490494295,0.3774083868530412,0.4596707818930041,0.42156794153071436,0.420181838331784
0.4216432398850664,0.40586565752128667,0.41268181606952,0.44019138755980863,0.4036363636363636,0.42231075697211157,0.45157433240334793,0.42255765057821504,0.41880175744886183
0.41759452783583506,0.3938231344715135,0.42336275523701866,0.4504550050556117,0.36147186147186144,0.4351145038167939,0.44304857621440535,0.41783862344329137,0.4179498328326045
0.4205196640238637,0.39684277762569575,0.42027158098933076,0.4486316733961418,0.3953656770456191,0.4058268362741075,0.45016474464579903,0.4196604220000797,0.4185955211704487
0.4233275067535357,0.39117619092897216,0.4222832577024122,0.4881687242798354,0.38105263157894737,0.38506417736289383,0.44710920770877943,0.419740242330768,0.42013857683827843
