Shopping,Community,Food,Entertainment,Travel,Outdoors,Nightlife,macro avg,weighted avg
0.4104514229636899,0.39838709677419354,0.43019374716094244,0.43735099337748345,0.39166666666666666,0.3977081226828446,0.37651598676957,0.40603914805648433,0.41311856079570614
0.4386707972312309,0.4279094635537337,0.4172322010893515,0.4239204160072349,0.3860369609856263,0.4033306255077173,0.3761103319308088,0.41045868518652906,0.4203675399388428
0.4293598480616691,0.38552411933398967,0.439957444922204,0.4160419790104948,0.382537517053206,0.3878116343490305,0.372082878953108,0.4019022030976717,0.4157796423669647
0.43750969944648493,0.40167016652830007,0.43406647212048804,0.40706393054459356,0.398876404494382,0.38409579367516117,0.37150442477876106,0.40496955594116724,0.4185060581987121
0.3983801270395995,0.37913800515907137,0.4307004470938897,0.46898121798520204,0.4251129761136217,0.380905752753978,0.41949015811552115,0.41467266918012624,0.4140717619907328
