Shopping,Community,Food,Entertainment,Travel,Outdoors,Nightlife,macro avg,weighted avg
0.3817348808796579,0.41060349689791314,0.4110095778928636,0.44418212478920743,0.42869718309859156,0.45039085989176186,0.4373956594323873,0.423430540411769,0.4110838031010917
0.4153216490081526,0.40616140616140617,0.4011523638722479,0.4358535750940814,0.3501238645747316,0.3727175080558539,0.4329446064139942,0.402039281882924,0.4059029120509994
0.40279246221779963,0.3907407407407407,0.3980130835805128,0.39197930142302717,0.4148409893992933,0.33489583333333334,0.45019262520638414,0.39763643370015583,0.3985495738379391
0.41614824179114407,0.38710598990572326,0.39004261913986826,0.3786407766990291,0.4354986276303751,0.38398622470942745,0.46380223660977044,0.40788924521219105,0.40296157343542327
0.38795243695282894,0.4045879009338205,0.41075034954171197,0.41875381795968236,0.3723196881091618,0.41244119184526923,0.44048303622771706,0.4067554887957417,0.4046690176581463
