Shopping,Community,Food,Entertainment,Travel,Outdoors,Nightlife,macro avg,weighted avg
0.41575409712257383,0.41232442229270505,0.41316915513474145,0.44933920704845814,0.40399652476107734,0.4055360281195079,0.46269296740994853,0.4232589145555732,0.4188782322901704
0.4170895464126786,0.41691428571428574,0.40375127783457043,0.444659255679072,0.4147826086956522,0.42885181550539747,0.4755178907721281,0.4287952400876835,0.4193996103252873
0.4276649746192893,0.40189873417721517,0.40699207017998745,0.460196292257361,0.37080689029918407,0.4642335766423358,0.45599635202918376,0.42682698431493665,0.4202512678595092
0.4221723152307064,0.42126546146527116,0.4062669766835438,0.4660098522167488,0.4455252918287938,0.4350525310410697,0.470955352856457,0.4381782544746558,0.42546226651920815
0.42174688057041,0.400485180888092,0.41185801646052694,0.48779247202441506,0.40152801358234297,0.39965397923875434,0.4610027855153203,0.42629533261140884,0.42061534897069597
