Shopping,Community,Food,Entertainment,Travel,Outdoors,Nightlife,macro avg,weighted avg
0.4147484288423636,0.41230942970073403,0.41551971824458966,0.4427009034712316,0.40244897959183673,0.401495162708883,0.45121951219512196,0.4200631621078229,0.41777650560307833
0.4189462231893068,0.40985393503379114,0.40699447086395596,0.44247363374880155,0.4079822616407982,0.44739696312364424,0.454510556621881,0.4268797206031684,0.4190315113737607
0.4183306314499229,0.4063969896519285,0.4134743900505176,0.4580152671755725,0.36603088101725706,0.44960520204366,0.45237078171721484,0.4234605918722962,0.4191229015100182
0.41650650084793667,0.4140141227593699,0.4126412313738333,0.48521647307286164,0.4236453201970443,0.42109929078014185,0.45838779956427017,0.4330729626564939,0.42356056854981083
0.44288961859055315,0.40285326086956524,0.40152769190881715,0.48804573804573803,0.43049792531120334,0.4190792596108211,0.4649927571221632,0.4356980359226945,0.4260876816481519
