Shopping,Community,Food,Entertainment,Travel,Outdoors,Nightlife,macro avg,weighted avg
0.4273574113417225,0.40414507772020725,0.4153618376777783,0.43375053949072073,0.38085539714867617,0.39564660691421255,0.46256239600665555,0.4170970380428533,0.4182770725637962
0.41977260748437617,0.4106523794516231,0.4142151038448743,0.43162020905923343,0.4,0.42382901318781263,0.4539300488905604,0.42200276598835423,0.41893522106316095
0.4206749122003359,0.3967649857278782,0.4242088531380955,0.4545913218970737,0.35858585858585856,0.43553128937421254,0.44720750101916024,0.4196521031346592,0.41993089304754555
0.4226787954830615,0.39899847983546455,0.4179556071938615,0.4738675958188153,0.40445402298850575,0.4058268362741075,0.45246326707000867,0.42517780066626065,0.42133826427472837
0.4346488052136133,0.4040161519153116,0.41187244128420597,0.46585804132973946,0.39217191097467385,0.40059982862039417,0.45438748913987836,0.42336495263968815,0.42186763799458116
