Shopping,Community,Food,Entertainment,Travel,Outdoors,Nightlife,macro avg,weighted avg
0.416672763186773,0.40602055800293685,0.4227921606581176,0.46476761619190404,0.37844940867279897,0.37621905476369094,0.44824990590891983,0.41616735248359155,0.4183671326371936
0.41856309263311453,0.399515963883459,0.42315811151727334,0.425565700674871,0.3905660377358491,0.4151578947368421,0.4204056545789797,0.41327606510862697,0.416036542372228
0.4183807275860777,0.3974903292763468,0.4271269433223161,0.45317220543806647,0.3651129943502825,0.4388366124893071,0.437573385518591,0.4196704568544268,0.42022496826309774
0.4231734085920351,0.3909509844993716,0.42049461252064996,0.4658119658119658,0.4225781845919146,0.41329356625479335,0.4484060402684564,0.4263869660770267,0.4216523580729996
0.42608346709470307,0.38879736408566723,0.423987962333754,0.4708045977011494,0.38785714285714284,0.3890625,0.4360135900339751,0.4175152320151988,0.4195659879215631
