Shopping,Community,Food,Entertainment,Travel,Outdoors,Nightlife,macro avg,weighted avg
0.42279512596481605,0.397241907680521,0.4256548718677467,0.42694256756756754,0.37700706486833657,0.40706806282722513,0.44818456883509833,0.41498488137304446,0.41841636818707945
0.4207189737470167,0.3959344382382566,0.42349570200573067,0.45485272815065186,0.38367844092570036,0.4177319587628866,0.4340518816222141,0.41863773192177955,0.4191282641309812
0.4209097859327217,0.40818664722424747,0.42693464005870796,0.45528846153846153,0.35074183976261125,0.44959128065395093,0.44408296055307034,0.4222479451033959,0.42286717879475527
0.4158455587183417,0.4051732101616628,0.43191763191763194,0.4579736483416629,0.3954065797641217,0.41349850491243056,0.42984257357973993,0.4213796724850845,0.42233752262578356
0.4194515210549978,0.383245893179668,0.43366861317624056,0.4560204953031597,0.36591179976162097,0.40481306403094114,0.4531590413943355,0.4166100611287091,0.4199113042180492
