Shopping,Community,Food,Entertainment,Travel,Outdoors,Nightlife,macro avg,weighted avg
0.41573482428115016,0.40283748925193463,0.4214340749301743,0.4580896686159844,0.3819444444444444,0.3843167701863354,0.445,0.41562246738714614,0.4171387799721925
0.42105658393722073,0.40901105714580965,0.41290430064021705,0.43331875819851334,0.40176600441501104,0.426027397260274,0.45975232198142413,0.4234052033683528,0.4193467190432914
0.4232466509062254,0.398166339227243,0.4187786402319274,0.45947341249354673,0.36020710059171596,0.4422132976349844,0.47158814958717826,0.42481051295326017,0.42150729668734943
0.422529675339989,0.4013309917737314,0.4166271347248577,0.4621608757734412,0.4051863857374392,0.420753064798599,0.4654356060606061,0.4277176763155234,0.422083282359391
0.432383808095952,0.3954741379310345,0.4168451756984641,0.4557124518613607,0.3983539094650206,0.3964955175224124,0.452569995821145,0.42111928519934133,0.4208058027069318
