Shopping,Community,Food,Entertainment,Travel,Outdoors,Nightlife,macro avg,weighted avg
0.41200581779717044,0.4050125313283208,0.4140118968935889,0.3739130434782609,0.3263157894736842,0.356,0.44123711340206184,0.38978517033901244,0.4015248779990992
0.40631658102519114,0.3757519666820916,0.4266750069502363,0.42028985507246375,0.39923954372623577,0.3767313019390582,0.42913385826771655,0.40487687338042766,0.4086264158460284
0.40607940446650126,0.4050161410479265,0.42018082683415003,0.43059777102330293,0.3821138211382114,0.37467018469656993,0.4156378600823045,0.40489942989842387,0.40986323901273847
0.4132693844924061,0.3910627460060199,0.40916185951815404,0.40824742268041236,0.39574468085106385,0.37841530054644806,0.43790849673202614,0.40482998440379003,0.40615333659075453
0.4047282538866761,0.3997107039537126,0.4150299484607884,0.3994082840236686,0.391304347826087,0.3739946380697051,0.4,0.39773945374580544,0.4037433659475328
