Shopping,Community,Food,Entertainment,Travel,Outdoors,Nightlife,macro avg,weighted avg
0.4171039455237332,0.39785522788203753,0.4041017931923118,0.44426835710512413,0.4152202937249666,0.4114533205004812,0.461642905634759,0.4216636919376305,0.41455910284327074
0.41725646123260435,0.4103320227173438,0.39840354576358705,0.46404867256637167,0.4425531914893617,0.43655352480417753,0.46905537459283386,0.43402897045232564,0.4197911351605308
0.41609424920127797,0.41035182679296345,0.40605588381706814,0.4512325830653805,0.3765281173594132,0.4531853281853282,0.4401791426743442,0.4219467330136823,0.41617580430912643
0.41272698810269254,0.41447074586869137,0.4032469805706284,0.4753289473684211,0.44363103953147875,0.4305689488910318,0.47240618101545256,0.4360542616211995,0.421420875766675
0.41539065567334116,0.40451977401129946,0.4065783361720012,0.47245322245322247,0.3909313725490196,0.41321499013806706,0.4534808067664281,0.4223670225376256,0.4163644400058574
