Shopping,Community,Food,Entertainment,Travel,Outdoors,Nightlife,macro avg,weighted avg
0.4795573726779842,0.31424242424242427,0.625766016713092,0.15134730538922156,0.12110583866309058,0.17963034270311898,0.20067739204064353,0.2960466703470822,0.4207678522194651
0.5044714720085852,0.325186132210273,0.6010679680316854,0.13947290494521764,0.1300041271151465,0.18909837595669218,0.20304221500598188,0.29890617075336884,0.41933438620355745
0.49385540007176176,0.2965569428679531,0.6332291703240757,0.1417876927683785,0.12066149448754594,0.19404155233241865,0.18961625282167044,0.29567835795340053,0.4232905241235682
0.5114452423698385,0.3303954802259887,0.5918453724604966,0.15210502489814395,0.12863489499192246,0.1930209371884347,0.22226154662891523,0.30424407125196284,0.4228572755130467
0.5048473643865266,0.3419275629220381,0.5961314049294529,0.15892857142857142,0.12896450325561856,0.18376902067889192,0.18121623976302492,0.29939780962344636,0.42144138686301463
