Shopping,Community,Food,Entertainment,Travel,Outdoors,Nightlife,macro avg,weighted avg
0.5029330726157675,0.2884848484848485,0.6145194986072423,0.14326347305389223,0.11429750361048072,0.1888717751251444,0.19627434377646064,0.2926635021819766,0.4184472934472934
0.4684314076193883,0.3257877716778221,0.6219676073272509,0.1471720461948475,0.1221626083367726,0.18573828635430278,0.20047855067509826,0.29596261116935463,0.41672910878762376
0.49928238249013274,0.3113885735906167,0.6145500509111337,0.13789489444527625,0.10351163740302165,0.20364562916503332,0.19795103316548013,0.295460600167242,0.4206525511975009
0.5009874326750449,0.33551789077212807,0.5898702031602708,0.15316130979326995,0.11833602584814217,0.2023928215353938,0.21182091665192002,0.30172665720516706,0.41964202804345807
0.43752536411597603,0.28391651319828115,0.6712047809328477,0.15476190476190477,0.11300147027935308,0.18864611783066718,0.1906255445199512,0.2913830993769973,0.419682177225808
