Shopping,Community,Food,Entertainment,Travel,Outdoors,Nightlife,macro avg,weighted avg
0.5077770864812017,0.30333333333333334,0.6190459610027855,0.13023952095808383,0.07901794924695688,0.1613400077011937,0.17002540220152412,0.2815398944178685,0.4170572557669332
0.4548381327132892,0.2818680905467399,0.6586392248390975,0.1375481196328102,0.09987618654560462,0.1734179578122083,0.17381644163390875,0.2828577362462369,0.4138932758481561
0.45752601363473266,0.28914112750662124,0.6659176292967242,0.1329540350351849,0.08023683135973866,0.18188945511564092,0.1679110956763327,0.28222516966071076,0.4184195302556983
0.4765709156193896,0.28534839924670435,0.6402370203160271,0.1374679342085408,0.09430533117932148,0.19481555333998005,0.16881967793310917,0.28536640454901036,0.41632231404958675
0.4645353293953195,0.3083179864947821,0.6456381060150642,0.14241071428571428,0.0945179584120983,0.17284432305891534,0.16414009409304756,0.28462921596499163,0.4172355942866463
