Shopping,Community,Food,Entertainment,Travel,Outdoors,Nightlife,macro avg,weighted avg
0.5014358294676386,0.21993477374643294,0.6234399375975039,0.1401453957996769,0.025015441630636195,0.05854865310610225,0.02549733818996918,0.22771676707685146,0.3933165175703834
0.5045876755777073,0.25087430569841596,0.6250871080139373,0.13523459061637536,0.027948574622694244,0.07084245076586433,0.017867271695972773,0.2332059967129953,0.39368235866987106
0.4981593038821954,0.24021334406762604,0.6195165622202328,0.11561264822134387,0.018323820967257435,0.08464888405008165,0.023927633498686898,0.22862888527248915,0.3909960448149257
0.48793788157192813,0.23769569221324055,0.6527026356281332,0.10775193798449613,0.015711135611907387,0.0776358627598297,0.011339092872570195,0.2272534626631579,0.3898792591187812
0.500187711175072,0.22947277441659464,0.6400669093771524,0.13735602544266803,0.01073579471065724,0.11732245681381957,0.017741935483870968,0.236126229631405,0.388711006847578
