Shopping,Community,Food,Entertainment,Travel,Outdoors,Nightlife,macro avg,weighted avg
0.5505362264621524,0.17885548011639185,0.5701214297930562,0.21271186440677967,0.07951848084096304,0.10745211230648123,0.06274992310058443,0.2517065024323441,0.41038463713553996
0.5098986133468892,0.18915814861605604,0.6086244929908204,0.15086782376502003,0.06816798539257456,0.08911932672076946,0.05082890209571473,0.23809504184683492,0.4023788332389352
0.5159834309384373,0.19030540158678405,0.605634500173293,0.17544399958936455,0.06617121623552952,0.07452447770502027,0.06082234290147401,0.24126933844712897,0.397656363960518
0.4973598407248175,0.19782477947072974,0.6438835951583827,0.15205593821749114,0.0774257707060662,0.08299746230780713,0.07186187587494167,0.24620132320860513,0.3994382569730818
0.45680209444390574,0.19989987484355445,0.6695667704240444,0.15190818326024075,0.08289967324216387,0.10480233483682674,0.0675484175720359,0.24763247837468172,0.38951185994128984
