Shopping,Community,Food,Entertainment,Travel,Outdoors,Nightlife,macro avg,weighted avg
0.508888098835659,0.28393939393939394,0.6094359331476323,0.1407185628742515,0.11347225087683104,0.19060454370427415,0.19593564775613886,0.291856347304883,0.41745933278191344
0.5014308710427473,0.297661126569903,0.6135158073413961,0.1467278649689073,0.11267024349979364,0.17416464439051707,0.20304221500598188,0.29274468183132096,0.41706341429674804
0.48179045568711876,0.3220582671206962,0.6289105017380008,0.13325348106003893,0.09942833809718252,0.1942375539004312,0.1686056607049835,0.28975489404406457,0.41940298507462687
0.48249551166965887,0.32708097928436913,0.619533013544018,0.14652180473819224,0.10096930533117932,0.19162512462612163,0.17395151300654751,0.29173960745715527,0.4187018293249141
0.4551562429544122,0.3097759361571516,0.6468404116128575,0.15848214285714285,0.10165931526990128,0.18981662114709325,0.18870883429168844,0.292919929184321,0.4197404292005499
