Shopping,Community,Food,Entertainment,Travel,Outdoors,Nightlife,macro avg,weighted avg
0.48928984090303085,0.27575757575757576,0.6320682451253482,0.1374251497005988,0.09593563028677532,0.17770504428186368,0.18272650296359016,0.28441542700268324,0.41572465766014155
0.47777678411733143,0.2743475972023765,0.6424782516443879,0.13621557595498965,0.09843169624432521,0.16315101736046295,0.17262006494616305,0.28071728392429096,0.412486887154599
0.438329745245784,0.3075293227393114,0.6613531828236369,0.12636622248839646,0.08350347080440997,0.18698549588396707,0.17364125716270185,0.2825298138783154,0.41513363415480736
0.464048473967684,0.26681732580037665,0.6594243792325056,0.14274935868417082,0.09248788368336026,0.18165503489531407,0.1735975933463104,0.28296857851567453,0.41639195839910853
0.48009198719393964,0.2913597298956415,0.6335089642490894,0.14270833333333333,0.09934887628649443,0.18025751072961374,0.1730266596968113,0.28575743734070336,0.41601230281706547
