Shopping,Community,Food,Entertainment,Travel,Outdoors,Nightlife,macro avg,weighted avg
0.4893787218913874,0.30477272727272725,0.6239554317548747,0.1408682634730539,0.09119042706828967,0.1700038505968425,0.17408975444538527,0.28489416807179435,0.4164254204576785
0.4624396351278841,0.292321576295405,0.6461206591696725,0.1381403612673971,0.10028889806025588,0.17155124136643643,0.16680909246282688,0.2825244948214111,0.4128557759922533
0.48170075349838537,0.2640181611804767,0.6507496225553878,0.12951040574936368,0.09126173948550428,0.20305762446099568,0.159576315332523,0.2828392317518052,0.41686914265879904
0.472262118491921,0.2809792843691149,0.6545922686230248,0.13641164931341482,0.09248788368336026,0.17228315054835494,0.16032560608741817,0.28133456587380123,0.41720447581019593
0.5061550254768454,0.28552793124616327,0.6181618869125499,0.14732142857142858,0.1033396345305608,0.1814280140460398,0.16117790555845965,0.2861588323345782,0.4166647249341753
