Shopping,Community,Food,Entertainment,Travel,Outdoors,Nightlife,macro avg,weighted avg
0.5062216691849614,0.2932575757575758,0.6084261838440111,0.13922155688622753,0.11883639364555396,0.19310743165190605,0.2016934801016088,0.2943948987245492,0.4185736605091444
0.5131908424253264,0.3227795743400767,0.5812999504915481,0.15872075806929228,0.12814692529921584,0.18405824155310807,0.2338061869765852,0.30314321130787897,0.41792799751000037
0.5008521707929674,0.31880438895194857,0.6125487166883186,0.13475071118430904,0.1055532870559412,0.20109760878087024,0.19413092550790068,0.29539111556603653,0.4209996528982992
0.4845601436265709,0.3514877589453861,0.6015095936794582,0.1480307831598008,0.11187399030694668,0.193419740777667,0.18917005839674395,0.29715029555608197,0.4189107623734794
0.47878432610362087,0.3259668508287293,0.6177729056897344,0.1523809523809524,0.11405166981726528,0.1943035505267265,0.20125457396759017,0.29778783275923126,0.420043339469208
