Shopping,Community,Food,Entertainment,Travel,Outdoors,Nightlife,macro avg,weighted avg
0.5380713706893965,0.19272278754239902,0.5777270295848249,0.20693180656374605,0.06201550387596899,0.057518173702333884,0.041206330247835175,0.23945614317235778,0.40628206324036936
0.5363720575414124,0.19743998242048014,0.5836588318600242,0.16056126820908312,0.05160732305030993,0.06137550783517121,0.050726832222895216,0.23453454330562518,0.4005137986065159
0.4987481772911107,0.20815708392083138,0.6069276032112824,0.16396700785054158,0.05054495912806539,0.07154617572219728,0.05118639009103119,0.2358681996021514,0.393215238035834
0.49557053710719856,0.20985515615225447,0.6425682883866326,0.14846330964060467,0.048223693097392946,0.06936665230504092,0.053880597014925376,0.23827546195772137,0.39623864603753545
0.484934233029634,0.21525203408598526,0.6361622526336517,0.15004944709161197,0.03402383983335262,0.0819234194122885,0.051989150090415916,0.2363334823109914,0.3822905827772084
