Shopping,Community,Food,Entertainment,Travel,Outdoors,Nightlife,macro avg,weighted avg
0.4824773216733016,0.2718006795016987,0.660481313997609,0.13840453356582388,0.08685162846803378,0.16957605985037408,0.11335607452112306,0.2747068016539949,0.4167007289324886
0.5101492928234678,0.3003912800447177,0.6301637612255678,0.1415278078338022,0.10153660741187105,0.1620736698499318,0.11205523101433883,0.2796996643148139,0.41720496257561773
0.5002634698985641,0.29141828815656284,0.6475623760309009,0.13089466725429705,0.08121827411167512,0.17921557400515317,0.1155615696887686,0.27801917416370314,0.42038555208726375
0.4807946145723337,0.28969738184291055,0.6687148510726932,0.13942093541202671,0.08560311284046693,0.17904432930339667,0.09305517430688992,0.27661862847867397,0.4224542811430144
0.4813541391166358,0.29574882548412973,0.6627790911478855,0.1401008550756413,0.08682360134515439,0.1709039548022599,0.10599835661462613,0.2776726890837618,0.42121259217047435
