Shopping,Community,Food,Entertainment,Travel,Outdoors,Nightlife,macro avg,weighted avg
0.5244750283768445,0.3065359477124183,0.5671282051282052,0.2113760556383507,0.16713981547196594,0.16145271485077312,0.09443896018427114,0.2903638181946898,0.42394731960675197
0.44297487704373256,0.2865667851701371,0.6289408528198074,0.18300486306629127,0.14290529154027637,0.12727272727272726,0.17479806138933765,0.28378049404318706,0.4165083975719659
0.4945279042893073,0.29357798165137616,0.5950328290037111,0.1691638472692122,0.16765163297045102,0.15642668676969468,0.16335044929396664,0.2913901901782456,0.41589596995684097
0.4184638931403924,0.33521192908301045,0.6473490252020923,0.19878533053024994,0.18301655426118946,0.19204152249134948,0.155819774718398,0.3043840042038117,0.41732903419316136
0.5247852945607956,0.2978152081044794,0.5713862383689918,0.21163575042158517,0.19572672118174625,0.1348351289585374,0.16620327463700957,0.30034108803330645,0.4089139633286319
