Shopping,Community,Food,Entertainment,Travel,Outdoors,Nightlife,macro avg,weighted avg
0.4646993495161034,0.27786325312326915,0.6267732326658212,0.17412614471817361,0.09388839681133747,0.146814893241574,0.12904710756483045,0.27331605394872993,0.4064982664685488
0.500037080984871,0.2843844237577029,0.6038759456282589,0.16814510790414405,0.0802735781137509,0.12997208653175157,0.14348029288051098,0.27288121654299863,0.409701870635102
0.46412071535022353,0.2728866624921728,0.6338506458472183,0.14994984954864593,0.10579757615460203,0.12065550153070412,0.12890262751159196,0.26802336834787976,0.39963554528797895
0.46957143933117423,0.2684529176864614,0.6464786462530218,0.13782129742962057,0.0936050364479788,0.14882032667876588,0.11840752166887028,0.2690224550708419,0.40021361762445223
0.46062129937545626,0.28516112095556867,0.6579857325316968,0.15464842435796794,0.07199211045364892,0.1522760408229386,0.12073568673983981,0.27191720217673104,0.4043157979021539
