Shopping,Community,Food,Entertainment,Travel,Outdoors,Nightlife,macro avg,weighted avg
0.5053772997955738,0.30492424242424243,0.6196030640668524,0.1309880239520958,0.07984320198060656,0.16153253754331923,0.1718882303132938,0.28202237143942627,0.41710320742578805
0.4581470219996423,0.28111604121230355,0.6565881604073839,0.1365116967722831,0.10008254230293025,0.17248459958932238,0.17552555118783114,0.2829222304959566,0.4139509147290396
0.4583333333333333,0.28959515701853955,0.6650398511288227,0.13325348106003893,0.08044099632503063,0.18247745981967856,0.1680847369334954,0.2824607165169913,0.41848895059585794
0.47692998204667864,0.279774011299435,0.6483845936794582,0.13626075147125397,0.0898626817447496,0.1782652043868395,0.17465935232702176,0.28344808242220526,0.41730894233447857
0.4670604680524868,0.3081645181092695,0.643587114112946,0.14241071428571428,0.09430791850451586,0.17381974248927037,0.16466283324621014,0.2848590441143447,0.4172705454714915
