Shopping,Community,Food,Entertainment,Travel,Outdoors,Nightlife,macro avg,weighted avg
0.4986580783682233,0.3678837169060391,0.5449675324675325,0.16071428571428573,0.06188466947960619,0.22057541412380122,0.27663772691397,0.3044744891390655,0.4101161262638453
0.5144446822169912,0.41740463215258855,0.49482144336730466,0.18870476834629693,0.07092531705025834,0.21175950486295314,0.24486571879936808,0.3061322952565373,0.4046331423036565
0.5872137197438402,0.36123872724179,0.48424232527759636,0.15313145216792842,0.06836397925506836,0.23066424021838033,0.249597423510467,0.30492169534501007,0.4097767700488569
0.4882669537136706,0.39293139293139295,0.5600816326530612,0.15579458709229702,0.05913717886572952,0.1988197911938266,0.22853688029020555,0.29765263096288336,0.41257681167266724
0.5609808793345576,0.40062597809076683,0.4919223237597911,0.16655382532159782,0.07182044887780549,0.20717855520218081,0.23863636363636365,0.30538833917472336,0.4126358695652174
