Shopping,Community,Food,Entertainment,Travel,Outdoors,Nightlife,macro avg,weighted avg
0.46275886587858855,0.28106060606060607,0.6551880222841225,0.12589820359281437,0.06416340004126264,0.1646130150173277,0.11515664690939881,0.2669769656834458,0.409279937505744
0.46923627258093364,0.2825449349477326,0.6548200014145272,0.12422268285460468,0.06438299628559636,0.15605749486652978,0.12305588788241326,0.267760038690334,0.4089478598683528
0.46730355220667386,0.2753688989784336,0.6587198483199326,0.12606677646354245,0.06288280930992242,0.1840454723637789,0.11946518492793888,0.2705503632243175,0.41184773805391645
0.4733393177737881,0.27962335216572504,0.6500423250564334,0.1308284291534631,0.061187399030694666,0.17806580259222332,0.1136082109361175,0.26952783381549217,0.4108204104373665
0.4770708391576859,0.2747084100675261,0.6499876233247286,0.13526785714285713,0.06700273051879857,0.16348029652750684,0.1214497299181042,0.26985249809388673,0.41130554325791646
