Shopping,Community,Food,Entertainment,Travel,Outdoors,Nightlife,macro avg,weighted avg
0.48551239889787573,0.3212121212121212,0.6168175487465181,0.1528443113772455,0.12316897049721477,0.17866769349249134,0.19745977984758678,0.2965261177244362,0.42036577520448487
0.5149347165086746,0.3163119500639242,0.5914491831105453,0.1525022209061297,0.1306231943871234,0.17827142057121523,0.22064604341138266,0.30067696127985644,0.4191038306800235
0.4925098672407607,0.32054483541430195,0.6193602752712335,0.14732744422817787,0.12188648427929767,0.2005096040768326,0.1970828268796666,0.2998887624843244,0.42341779474719426
0.5032764811490126,0.3256497175141243,0.6049308690744921,0.15150143352950052,0.12075928917609047,0.19740777666999004,0.20332684480622898,0.3009789159884913,0.4228340607298728
0.4900572665374036,0.3357120933087784,0.6090385091410587,0.1574404761904762,0.11762234824616677,0.19196254389387438,0.20160306673636522,0.30049090057916045,0.4220355570053825
