Shopping,Community,Food,Entertainment,Travel,Outdoors,Nightlife,macro avg,weighted avg
0.4387496479864827,0.34375664752180385,0.6591602651794171,0.1498838109992254,0.057125307125307126,0.13913496612819176,0.11869107043815863,0.2723573879112266,0.40895410082769
0.45758645024700073,0.3599290780141844,0.6405467445742905,0.15251690458302028,0.06658211794546608,0.1411520498183705,0.12104386451971128,0.2770510299574348,0.4118979003705229
0.46438706015891035,0.3583040421792619,0.6412471034337476,0.16511266511266512,0.05568720379146919,0.15090329436769395,0.11129476584022038,0.27813373355485266,0.4129349808969814
0.43665540540540543,0.36260197509660796,0.6526304394890668,0.15160796324655437,0.05582232893157263,0.14586624539231174,0.11298482293423272,0.2740241686422502,0.4070658930791546
0.43859649122807015,0.36697653829127935,0.6391033891033892,0.15919811320754718,0.07423857868020305,0.14630309386470897,0.11129660545353366,0.2765304014041045,0.4079312257348863
