Shopping,Community,Food,Entertainment,Travel,Outdoors,Nightlife,macro avg,weighted avg
0.4896898053506355,0.28484848484848485,0.6294568245125348,0.1372754491017964,0.10769548174128327,0.19233731228340392,0.18916172734970363,0.29006644074112037,0.4182979505560151
0.48555714541226974,0.2903662480258705,0.6280854374425349,0.1498371335504886,0.11452744531572431,0.17808474892663803,0.19364211245940866,0.29144289587613353,0.4165561921449733
0.4928686759956943,0.3107075293227393,0.6180611635827393,0.13340320407246595,0.1022866476112699,0.20109760878087024,0.18371245007813858,0.2917338970634168,0.41853523082263105
0.48087971274685815,0.32760828625235405,0.6113148984198645,0.1508978421608571,0.11025848142164782,0.19720837487537388,0.19341709431958945,0.29594067002807783,0.4181330671371529
0.48049781304955586,0.3156844689993861,0.625234272781923,0.1412202380952381,0.11405166981726528,0.19313304721030042,0.18191322530057502,0.2931049621791777,0.4191462590581821
