Shopping,Community,Food,Entertainment,Travel,Outdoors,Nightlife,macro avg,weighted avg
0.46484756910496844,0.28954545454545455,0.6447075208913648,0.1504491017964072,0.11574169589436765,0.1784751636503658,0.18831498729889923,0.2902973561688325,0.41819455932359156
0.49856912895725275,0.29397608483116494,0.616415588089681,0.1467278649689073,0.11803549319026001,0.1739779727459399,0.20628952315843446,0.2934273794202343,0.4172132753870451
0.49425905992106206,0.3155505107832009,0.618447385976616,0.13490043419673603,0.10146998775010209,0.20325362602900823,0.19048445910748393,0.2940522091091728,0.420409580006942
0.4838420107719928,0.336120527306968,0.6090222911963883,0.14365474573713596,0.11369143780290791,0.19720837487537388,0.18527694213413556,0.2955451899749861,0.41856254062587056
0.43306127970419805,0.28406998158379376,0.6759432794653276,0.1543154761904762,0.10733039277462718,0.18240343347639484,0.18226171806935007,0.28848365160916684,0.41883169839457557
