Shopping,Community,Food,Entertainment,Travel,Outdoors,Nightlife,macro avg,weighted avg
0.4956448315705271,0.2765909090909091,0.624408077994429,0.13937125748502993,0.10171239942232309,0.1757797458606084,0.19424216765453006,0.2868213412969081,0.41610375884569434
0.4821141119656591,0.2827705497480635,0.6325411981045336,0.13665975718092982,0.11390837804374743,0.1540041067761807,0.20235857118441292,0.28633666757193244,0.4139970258337464
0.47452457839971296,0.294211123723042,0.64084828482146,0.12576733043868843,0.08227848101265822,0.1897295178361427,0.18388609133530126,0.28446362965242933,0.41640634039106794
0.4960502692998205,0.2870809792843691,0.6221783295711061,0.13867511694582768,0.10420032310177706,0.18943170488534397,0.18616174128472837,0.2891112091961389,0.41716965363543507
0.3953194751318934,0.27302025782688766,0.7119417235404364,0.13973214285714286,0.08716656164671288,0.1722590714007023,0.16779926816518556,0.2781769286527087,0.41542978306964606
