Shopping,Community,Food,Entertainment,Travel,Outdoors,Nightlife,macro avg,weighted avg
0.5473499494378681,0.3791162790697674,0.5156967659453573,0.17064599483204135,0.14929252093560497,0.1694915254237288,0.17040918163672655,0.30028603104015633,0.41544451252142484
0.5183162229403185,0.34097041420118346,0.5804031190230984,0.19140465496120865,0.13440091507006005,0.14269291564880013,0.20483768300445576,0.3018608464070178,0.42352895392278955
0.5560346074828554,0.4262659725508755,0.49841811881685333,0.16683366733466934,0.1892548596112311,0.1387905395836284,0.211899142963607,0.3124995583348172,0.4204663515994219
0.5031680399797721,0.39940756567765745,0.558008963190493,0.19802265310040315,0.17778070637849236,0.17085495766184103,0.2529220387998554,0.3228807035412164,0.42385637568107876
0.5435770209749654,0.3603534579630197,0.5541570382024682,0.14602161970583022,0.16025797030907762,0.19736174530695078,0.1545778834720571,0.3023295337049099,0.41142960555822206
