Shopping,Community,Food,Entertainment,Travel,Outdoors,Nightlife,macro avg,weighted avg
0.5004888454359613,0.2963636363636364,0.6104805013927577,0.1434131736526946,0.10934598720858263,0.18078552175587215,0.19441151566469095,0.2907555973534565,0.41680452164323134
0.4978089787157932,0.29405128976460854,0.6162034090105383,0.14287829434409238,0.10503508047874535,0.17099122643270487,0.1960348658349,0.2890004492259118,0.4150575812420026
0.4904915679942591,0.3172909572455543,0.6235033882237281,0.13445126515945502,0.08636178031849735,0.19502156017248137,0.17138392081958673,0.288357777133366,0.4187203517297235
0.4713195691202873,0.3182674199623352,0.6309607787810384,0.14742719179115737,0.10016155088852989,0.18743768693918245,0.16138736506812953,0.28813736607866575,0.41716965363543507
0.4132209045407404,0.28974831184775934,0.6877541638671806,0.14464285714285716,0.09514807813484562,0.18006242684354273,0.18295870360690017,0.2847907779976894,0.4169326840179882
