Shopping,Community,Food,Entertainment,Travel,Outdoors,Nightlife,macro avg,weighted avg
0.4957163255592575,0.26881654255646503,0.6062170053381307,0.16986972784728493,0.08627103631532329,0.13216869595906122,0.12060764155286174,0.26852385358976916,0.403764239722635
0.4665900326312667,0.2817621607447227,0.6337140962657103,0.1686746987951807,0.07631389488840892,0.12107466852756454,0.0925377784701667,0.26295247576043146,0.4062447223850349
0.4826005961251863,0.26424546023794615,0.6217588625472087,0.15195586760280844,0.09613494923026532,0.11579326490185485,0.12642967542503863,0.2655598108671869,0.39855014737512945
0.47107780372072006,0.26181888445188717,0.6489605157131346,0.13365973072215423,0.07886017229953611,0.14717043392179507,0.11576318495666225,0.2653301036836985,0.3988460655426786
0.481628680347149,0.2616000525037737,0.6589202828572318,0.15375126163507907,0.06278763971071663,0.12781467681840272,0.11361613764461584,0.26573124735956694,0.4035751461285932
