0_fscore,1_fscore,2_fscore,3_fscore,4_fscore,5_fscore,6_fscore,7_fscore,8_fscore,9_fscore,accuracy
0.3549929676511955,0.19255702280912365,0.18007531667237248,0.7191553544494721,,0.04177545691906005,0.0,0.006802721088435374,0.0,0.0,0.5748724119331148
0.32830188679245276,0.1783893985728848,0.1317091739626951,0.7241982853243941,,0.02816901408450704,0.0,0.019480519480519477,0.0,0.0,0.5780741975823259
