Home,Work,Other,Commuting,Amenity,Leisure,Shop,Tourism,accuracy,macro avg,weighted avg
0.2461178671655753,0.15854076664609476,0.18302003718240034,0.7144422143502562,0.08401976935749587,0.13971146545178437,0.1050228310502283,0.11634349030470914,0.5680747406430905,0.21840230518856804,0.48341355630146743
0.2691630949695466,0.20892810796781727,0.17243536280233526,0.7155804920155373,0.12087026591458501,0.10779436152570482,0.10244470314318975,0.07228915662650603,0.5708607898253537,0.22118819312065277,0.4950903893125339
0.23142912848508482,0.14153182308522116,0.23463792777462658,0.7171442369607212,0.09162717219589256,0.08665511265164647,0.08048780487804878,0.12307692307692308,0.570692808036851,0.21332376613852058,0.48505260230352254
0.2586310486666359,0.18675469918480092,0.21708696902867006,0.7142927696562624,0.13157894736842105,0.08187134502923978,0.029161603888213854,0.07902735562310031,0.5680605447633662,0.21230059230566803,0.4922532182091394
0.26934202672299,0.19285525968890063,0.19359401838941093,0.7141318754141815,0.10031347962382446,0.12162162162162163,0.05875440658049354,0.05970149253731343,0.5680610230471808,0.213789272572342,0.4928407256659048
