Home,Work,Other,Commuting,Amenity,Leisure,Shop,Tourism,accuracy,macro avg,weighted avg
0.23854403639909003,0.202868240215118,0.13781180538404544,0.7179656195250569,0.021621621621621623,0.04508196721311475,0.005434782608695652,0.01694915254237288,0.5754244996967859,0.17328465318863942,0.48486450656343966
0.3152459631993992,0.1926040061633282,0.11625566180171112,0.7143952497280719,0.035398230088495575,0.17747440273037543,0.02247191011235955,0.016129032258064516,0.5742629522504694,0.19874680701022568,0.4948959020257485
0.30886224042117577,0.12640779963018997,0.18238158477202301,0.7137924248116938,0.058519793459552494,0.12658227848101264,0.11182795698924732,0.20987654320987653,0.5719717267600603,0.22978132772184645,0.4891203294007517
0.3371960486322188,0.20675830469644904,0.1874026263075896,0.711336032388664,0.12779552715654952,0.09248554913294797,0.06232294617563739,0.12269938650306747,0.5725200625592903,0.2309995526241405,0.5053078955049659
0.2364597093791281,0.1280917280917281,0.24280879864636212,0.7153110047846891,0.12166172106824924,0.13565891472868216,0.006230529595015576,0.12307692307692308,0.5712775557560913,0.21366241617134718,0.4832734261992266
