Home,Work,Other,Commuting,Amenity,Leisure,Shop,Tourism,accuracy,macro avg,weighted avg
0.23201224698077905,0.1770880876312186,0.24474684810886535,0.7399920217099385,0.09283667621776505,0.15361596009975062,0.11214953271028037,0.09329446064139942,0.5961750733833184,0.23071697926249962,0.5187937857055525
0.1934775648355669,0.18203830068236848,0.23141173456315656,0.7369097944485451,0.09919137466307278,0.11046817464492371,0.08597603946441155,0.1142857142857143,0.591934280537496,0.21921983719846994,0.5084903061298253
0.19978156002548467,0.18125994996588582,0.2720304689359676,0.7392450609880287,0.1604997597308986,0.17047619047619048,0.07433881343817011,0.09264305177111717,0.5951740864060509,0.23628435691646787,0.5183481272419846
0.24810126582278483,0.19786593707250344,0.2575972596036213,0.7377381574639426,0.13189077794951057,0.16862745098039217,0.07820419985517742,0.1229050279329609,0.5937136780671167,0.24286625958511165,0.5236173995867698
0.23661022805805113,0.20776855076346104,0.26714486502205204,0.7376053166554367,0.13768844221105528,0.17214252660805182,0.07428571428571429,0.07975460122699386,0.5939744596437575,0.23912503060385198,0.5241140173228187
