Home,Work,Other,Commuting,Amenity,Leisure,Shop,Tourism,accuracy,macro avg,weighted avg
0.22733874412644167,0.17950908366080076,0.23183941680784437,0.7399114930374895,0.07737397420867527,0.12862414338429098,0.10654079568442347,0.0547112462006079,0.5960442507542743,0.21823111213882174,0.516132410061327
0.17776944353288643,0.14407571862584714,0.21168194414836916,0.737437324674751,0.12268041237113403,0.11777301927194861,0.10983050847457626,0.0611111111111111,0.5919998688234281,0.21029493527632798,0.5002163017555008
0.1553398058252427,0.15890765699487966,0.2771055976648934,0.7401602968957847,0.14343029087261785,0.13831967213114754,0.0289193302891933,0.0881542699724518,0.5953220701278414,0.21629211508077636,0.5094589809198855
0.20783630433811373,0.1709548313321898,0.21183900663669447,0.7385462234703125,0.06730229949523275,0.054825813820673905,0.10084033613445378,0.08211143695014662,0.5935652991072533,0.2042820315222272,0.507469439858555
0.19279700654817586,0.19617722766854703,0.23343521732373207,0.7395902628226089,0.1639501438159156,0.04571428571428571,0.09536601746138348,0.07476635514018691,0.5950655039880977,0.21772456456185443,0.5125179026733909
