Home,Work,Other,Commuting,Amenity,Leisure,Shop,Tourism,accuracy,macro avg,weighted avg
0.28697875688434304,0.23069061176814135,0.13169356904944915,0.7175303275914281,0.0919931856899489,0.1685823754789272,0.011299435028248588,0.17948717948717952,0.5778890640093548,0.22728193012220824,0.49969029791160646
0.3011174279553029,0.21737166942646394,0.08965337503257753,0.7153052849445098,0.0320855614973262,0.009195402298850575,0.05347593582887701,0.041666666666666664,0.5751131106055571,0.1824839154563218,0.4901423144021943
0.29744415375327027,0.16056518946692358,0.18240891158041309,0.7162864282760729,0.15295815295815296,0.05664488017429194,0.12380952380952381,0.11392405063291139,0.5754484247314591,0.225505161331445,0.49415367849231456
0.287847790507365,0.23766307430516168,0.22560846560846562,0.7123211915646659,0.06273062730627306,0.10909090909090909,0.0,0.16666666666666669,0.5724877292689228,0.22524109063118836,0.5020049470976882
0.34230516740129424,0.20754716981132076,0.2322994652406417,0.7095438807767575,0.012738853503184714,0.17810760667903522,0.012861736334405145,0.018018018018018018,0.5716474498805443,0.21417773722058214,0.5078494333431574
