Home,Work,Other,Commuting,Amenity,Leisure,Shop,Tourism,accuracy,macro avg,weighted avg
0.1887640449438202,0.1365837084855177,0.2006409633873944,0.7314062339265507,0.07207207207207207,0.08803827751196171,0.008108108108108109,0.07317073170731707,0.5837057103434308,0.18734801751784275,0.49267682437844934
0.19550825960527132,0.15579152143957203,0.21888037256233628,0.7295854135011939,0.07955449482895784,0.14754098360655737,0.06577344701583435,0.2235294117647059,0.5826105728326709,0.2270204880405536,0.49814330332565826
0.13082412200923466,0.09213704266929064,0.1435919886177082,0.7334738617200675,0.07126258714175057,0.17262830482115085,0.09347826086956523,0.07407407407407407,0.5837527875119465,0.1889337802403552,0.47557398491614744
0.17415506958250496,0.14480782198246794,0.21531194646723084,0.7323860784687007,0.14830214830214827,0.2056792018419033,0.06341463414634146,0.06299212598425197,0.5860777773517872,0.21838112834694368,0.4959724672678439
0.18031074552813686,0.14428319771831222,0.21417976861465443,0.7319010620361197,0.06694560669456066,0.11962931760741366,0.09790209790209789,0.07857142857142858,0.5847986968845794,0.2042154030840905,0.4945873741151184
