Home,Work,Other,Commuting,Amenity,Leisure,Shop,Tourism,accuracy,macro avg,weighted avg
0.1820722492495601,0.15601990049751246,0.20964874639857783,0.7381235824112481,0.11092985318107669,0.0975609756097561,0.0748936170212766,0.14893617021276598,0.5927529499210258,0.21477313682272173,0.5020359284738075
0.22576955592023473,0.17639429312581065,0.2511123787792356,0.7402660402890188,0.14604904632152588,0.05633802816901408,0.12039127163280663,0.0963855421686747,0.5969894836852744,0.22658826955079012,0.5188833876953376
0.2056860581218141,0.17170870154163712,0.2505243532975996,0.7426596042679976,0.14111405835543767,0.17859187178019462,0.12527964205816552,0.19948849104859334,0.5994041170097508,0.25188159755892997,0.5202353398364092
0.18081122422068674,0.16484673069332983,0.23660107545943387,0.7390396129499235,0.14505494505494504,0.08897485493230174,0.0670926517571885,0.049079754601226995,0.5939999625348894,0.20893760620862953,0.5078552428386321
0.17867843329520072,0.19956126606079597,0.23233590157080572,0.742273695488578,0.11950027159152633,0.05737704918032787,0.13953488372093023,0.22815533980582525,0.5979525710260625,0.23717710508924877,0.5150700682341678
