Home,Work,Other,Commuting,Amenity,Leisure,Shop,Tourism,macro avg,weighted avg
0.43398392652123996,0.4360086767895879,0.42043142043142046,0.6014380375017623,0.352,0.40707964601769914,0.15,0.375,0.3969927134077137,0.5256038225709899
0.4269116455012159,0.43210431654676257,0.42711094282468764,0.6032477601654032,0.3184713375796178,0.3875598086124402,0.36486486486486486,0.4,0.42003383451187404,0.52691145715458
0.4592337917485265,0.4316848281642917,0.4530386740331492,0.5948684984340167,0.3087248322147651,0.34049079754601225,0.23369565217391305,0.4090909090909091,0.4038534979256979,0.5278337662588065
0.4526352049603858,0.4561869357408391,0.4513201320132013,0.6019030821966518,0.34967320261437906,0.4123076923076923,0.33766233766233766,0.3333333333333333,0.4243777401036025,0.5358441814311802
0.46156417112299464,0.4174757281553398,0.441320293398533,0.6016918877981167,0.32786885245901637,0.3497536945812808,0.3387096774193548,0.3548387096774194,0.411652876826507,0.5302735888986377
