Home,Work,Other,Commuting,Amenity,Leisure,Shop,Tourism,macro avg,weighted avg
0.49725949725949725,0.42359838768779773,0.46002076843198336,0.5826051801038108,0.4214876033057851,0.3274021352313167,0.3087248322147651,0.35,0.42138730052936946,0.5262244276126891
0.475985319929791,0.4255881575469204,0.45969983324068925,0.5899880490392233,0.4437869822485207,0.4166666666666667,0.3308270676691729,0.46153846153846156,0.4505100672349307,0.5288649529537384
0.49499582985821516,0.45137614678899085,0.4279310344827586,0.5854469471968881,0.4142857142857143,0.4,0.2796610169491525,0.40816326530612246,0.43273249435848027,0.5293090875023791
0.47788215200683176,0.4057377049180328,0.426525998492841,0.5891002403160768,0.3269230769230769,0.4537037037037037,0.27906976744186046,0.43333333333333335,0.4240344971419696,0.5214296788484034
0.48129307515589104,0.4053754502632308,0.4334841628959276,0.5890995066351423,0.32160804020100503,0.39779005524861877,0.2358490566037736,0.2702702702702703,0.3918462021592324,0.5207673062811506
