Home,Work,Other,Commuting,Amenity,Leisure,Shop,Tourism,macro avg,weighted avg
0.5707620528771384,0.460651289009498,0.4720812182741117,0.5823344026112893,0.375,0.55,0.16666666666666666,0.5,0.45968695367983803,0.5472664089600231
0.5299873737373737,0.47966231772831924,0.40669014084507044,0.5860565811415699,0.4166666666666667,0.348993288590604,0.25,0.2,0.4022570460887005,0.5368901006649096
0.5369491525423729,0.4986737400530504,0.4186991869918699,0.5824913858552824,0.3953488372093023,0.4430379746835443,0.2826086956521739,0.4146341463414634,0.4465553899161324,0.5404897533299002
0.5229817324690631,0.4297619047619048,0.4367219917012448,0.5913652775227954,0.2898550724637681,0.3076923076923077,0.34375,0.2857142857142857,0.4009803215406712,0.5328678992185188
0.6016806722689075,0.4433106575963719,0.4245562130177515,0.5808013452394758,0.24550898203592814,0.38461538461538464,0.5,0.5714285714285714,0.4689877282752989,0.545389862649414
