Home,Work,Other,Commuting,Amenity,Leisure,Shop,Tourism,macro avg,weighted avg
0.5460329341317365,0.46856465005931197,0.4812734082397004,0.5885963117748487,0.3253012048192771,0.42718446601941745,0.25,0.4,0.4358691218805365,0.5468896620942348
0.5686782673084043,0.4543738200125865,0.524390243902439,0.5820943198977814,0.5294117647058824,0.4,0.4,0.15,0.4511185519783867,0.5521179056841253
0.5641221374045802,0.4775549188156638,0.45964912280701753,0.5845020832110792,0.3419354838709677,0.4482758620689655,0.2708333333333333,0.3,0.4308591176889509,0.546942364998412
0.553501180173092,0.4689423614997202,0.40718105423987777,0.5877289043012716,0.288135593220339,0.35294117647058826,0.0,0.3191489361702128,0.37219740075938773,0.5366001317381003
0.5436401549002086,0.42114285714285715,0.3946220930232558,0.5916094009852835,0.3,0.3404255319148936,0.5,1.0,0.5114300047458122,0.5362893215871314
