Home,Work,Other,Commuting,Amenity,Leisure,Shop,Tourism,macro avg,weighted avg
0.46441947565543074,0.4459770114942529,0.4566840926064227,0.6170170901731504,0.43783783783783786,0.36492890995260663,0.39069767441860465,0.37209302325581395,0.44370688942426495,0.5476540261892775
0.47710354161967067,0.43733474352194607,0.46119281045751637,0.6099001286572442,0.3865546218487395,0.32507739938080493,0.3160621761658031,0.3188405797101449,0.41650825017023374,0.5423881974310463
0.4709289851963098,0.4481304470059039,0.4450849041906839,0.6172633050839451,0.36069114470842334,0.3729166666666667,0.31137724550898205,0.37777777777777777,0.4255213095173366,0.545878221495757
0.44738811555156416,0.4346153846153846,0.4419073203492277,0.6203056178038792,0.3626062322946176,0.41247002398081534,0.32335329341317365,0.4489795918367347,0.4364531974806746,0.5430231320332481
0.4496798555245444,0.4378952122854562,0.4490793547335832,0.6202181029306371,0.3816155988857939,0.36470588235294116,0.30057803468208094,0.3939393939393939,0.42471392941680386,0.5437158860217508
