Home,Work,Other,Commuting,Amenity,Leisure,Shop,Tourism,macro avg,weighted avg
0.4613384188626907,0.44887496439760755,0.46585516814524447,0.6152035576064305,0.4520547945205479,0.3885350318471338,0.395,0.3103448275862069,0.44215084537073274,0.547963623836885
0.48602922327608306,0.45231107850330154,0.47913148371531966,0.6053946235096785,0.3684210526315789,0.3793103448275862,0.3253012048192771,0.25,0.41823737641035313,0.5453411816202375
0.5,0.4560810810810811,0.4422238918106687,0.6130642099902782,0.3803191489361702,0.4066265060240964,0.23170731707317074,0.3902439024390244,0.42753325716931123,0.5480781595066958
0.4681022338498692,0.44296296296296295,0.47063020214030915,0.6101318939302912,0.3076923076923077,0.375,0.3364485981308411,0.4375,0.43105852483832263,0.5433594919239503
0.4771937948599213,0.44530084535057185,0.4686914915747868,0.6130774910508164,0.3758241758241758,0.40404040404040403,0.27099236641221375,0.42857142857142855,0.4354614997105398,0.5469052679985484
