Home,Work,Other,Commuting,Amenity,Leisure,Shop,Tourism,macro avg,weighted avg
0.47246843943056677,0.4575875486381323,0.481554491692481,0.6066657740516824,0.41295546558704455,0.3392857142857143,0.3142857142857143,0.34146341463414637,0.4282833203256853,0.5453455818808249
0.47340980187695514,0.4525790349417637,0.45940304738050514,0.61707086077916,0.3785310734463277,0.3387096774193548,0.29739776951672864,0.34782608695652173,0.4206159190396646,0.5481384540108138
0.4769680721423349,0.458807307824888,0.4595981188542112,0.6192088836043993,0.31516587677725116,0.4094488188976378,0.2978723404255319,0.37142857142857144,0.42606224874435317,0.5512158814523718
0.46728462377317337,0.43949491406524027,0.4643934122013454,0.6110772784544309,0.37714285714285717,0.42073170731707316,0.2781456953642384,0.25806451612903225,0.41454187555592387,0.5432044207014971
0.487659827534939,0.44259104809563526,0.4612283613943562,0.6164463370196178,0.3107344632768362,0.40384615384615385,0.3047619047619048,0.3884297520661157,0.42696223099944486,0.5491575954311115
