Home,Work,Other,Commuting,Amenity,Leisure,Shop,Tourism,macro avg,weighted avg
0.16352787618870035,0.0975198245318036,0.11423414130995359,0.9233965150168462,0.04666056724611162,0.0888030888030888,0.06327372764786796,0.06976744186046512,0.19589789782560468,0.5680747406430905
0.18763366461190087,0.13844698598331756,0.10612087771076607,0.9091040761431823,0.06996268656716417,0.06190476190476191,0.06060606060606061,0.0392156862745098,0.19662434997520792,0.5708607898253537
0.1510178117048346,0.0839232409381663,0.16163063297733785,0.9252897436962573,0.05150976909413854,0.04859086491739553,0.04700854700854701,0.07246376811594203,0.1926792973065774,0.570692808036851
0.17729058420985933,0.12129167760567078,0.14559485530546623,0.9070555032925682,0.08236434108527131,0.04499540863177227,0.015384615384615385,0.043478260869565216,0.19218190579809857,0.5680605447633662
0.1869939432578897,0.12652425841044712,0.12462599193443476,0.9065385181602137,0.059424326833797586,0.07178464606181456,0.03355704697986577,0.03355704697986577,0.19287572232729114,0.5680610230471808
