Home,Work,Other,Commuting,Amenity,Leisure,Shop,Tourism,macro avg,weighted avg
0.1206126356094448,0.08097492194581529,0.13176020408163266,0.9330300511788636,0.040145985401459854,0.04935622317596566,0.004166666666666667,0.04054054054054054,0.17507340357504864,0.5837057103434308
0.12678542770020865,0.09502620389597548,0.14714322984607356,0.9228589628132756,0.045454545454545456,0.09111361079865017,0.03614457831325301,0.15510204081632653,0.20245357495478858,0.5826105728326709
0.07627671724588024,0.05157220108151412,0.08531668617505528,0.9562913616076336,0.040280210157618214,0.115625,0.058423913043478264,0.04072398190045249,0.17806375890145404,0.5837527875119465
0.10781980799212275,0.08606352068930968,0.14138020160248127,0.9351010938017899,0.09410729991204925,0.13701431492842536,0.034993270524899055,0.034782608695652174,0.19640776476834115,0.5860777773517872
0.11203959110822652,0.08721225027887639,0.14140227183705445,0.9340298573678489,0.03727865796831314,0.07215447154471545,0.05722070844686648,0.04417670682730924,0.18568931442240133,0.5847986968845794
