Home,Work,Other,Commuting,Amenity,Leisure,Shop,Tourism,macro avg,weighted avg
0.15078060805258833,0.13007662835249043,0.08068247541931753,0.9359594771833024,0.011131725417439703,0.023504273504273504,0.0027624309392265192,0.008620689655172414,0.16793978856547637,0.5754244996967859
0.2243452699091395,0.12049354154617313,0.06782149148561362,0.914703196347032,0.018484288354898338,0.11899313501144165,0.011764705882352941,0.008403361344537815,0.18562612373514864,0.5742629522504694
0.2167784316408923,0.07237728585178056,0.11658177702320317,0.9215133736776459,0.031598513011152414,0.07383966244725738,0.06970509383378017,0.14049586776859505,0.2053612506567884,0.5719717267600603
0.2488085225679843,0.1361236802413273,0.11929725134599037,0.8923723335488042,0.08196721311475409,0.05442176870748299,0.03426791277258567,0.078125,0.20567296028736612,0.5725200625592903
0.14714344430743936,0.07486119088646372,0.17002369668246445,0.9309014869888476,0.08086785009861933,0.08235294117647059,0.003134796238244514,0.06896551724137931,0.1947813654524911,0.5712775557560913
