Home,Work,Other,Commuting,Amenity,Leisure,Shop,Tourism,macro avg,weighted avg
0.1546309942183426,0.11047835990888383,0.16716785128485512,0.9241877762964003,0.051923076923076926,0.0972836386607707,0.06547155105222136,0.05333333333333334,0.20305957270973554,0.5961750733833184
0.12134251290877797,0.11494093120222376,0.15445652917436214,0.9307315281720977,0.05689548546691404,0.06653992395437262,0.049755301794453505,0.06962025316455696,0.19553530822971985,0.591934280537496
0.12678334199734304,0.11360558762739648,0.1958727546962841,0.9213120302342307,0.10321384425216316,0.11049382716049383,0.04220779220779221,0.052795031055900624,0.20828552615395052,0.5951740864060509
0.17164350522568048,0.12809068366985477,0.18178050970370882,0.9100171463390441,0.08060453400503778,0.1059765865680838,0.044481054365733116,0.07119741100323625,0.2117239288600474,0.5937136780671167
0.16054158607350097,0.1361944229823699,0.190121412803532,0.9098012473539899,0.08399754751686082,0.11265899454875833,0.042379788101059496,0.04436860068259386,0.21000795000783315,0.5939744596437575
