Home,Work,Other,Commuting,Amenity,Leisure,Shop,Tourism,macro avg,weighted avg
0.19463713980789754,0.15301181483633547,0.07628376372810923,0.9187956204379562,0.05357142857142857,0.10501193317422435,0.005780346820809248,0.11570247933884298,0.20284931583945043,0.5778890640093548
0.20477269697373685,0.14285714285714285,0.049016813907096037,0.9275798241554836,0.016544117647058824,0.004651162790697674,0.02865329512893983,0.024193548387096774,0.17478357523090657,0.5751131106055571
0.20196775075157147,0.09650646593321753,0.11378112333526347,0.9247945777819043,0.09851301115241635,0.030232558139534883,0.08024691358024691,0.0703125,0.20204436258426933,0.5754484247314591
0.19449820293060546,0.15916429249762584,0.1560304449648712,0.903948722747263,0.035196687370600416,0.06451612903225806,0.0,0.11278195488721804,0.20326705430380523,0.5724877292689228
0.24979468929646867,0.13770553064275037,0.16459533191876327,0.8862044653349002,0.006507592190889371,0.12060301507537688,0.006514657980456026,0.00909090909090909,0.1976270239413142,0.5716474498805443
