Home,Work,Other,Commuting,Amenity,Leisure,Shop,Tourism,macro avg,weighted avg
0.11276363869478813,0.0940423830467813,0.13399153737658676,0.942312307027788,0.06407035175879397,0.05697151424287856,0.04251207729468599,0.09523809523809523,0.19273773808504974,0.5927529499210258
0.1482303774324148,0.10954490535642368,0.1727765130700997,0.9249222426030784,0.09047940580688724,0.030724213606437453,0.07547169811320754,0.055944055944055944,0.20101167649157559,0.5969894836852744
0.1311134932332842,0.10561815584827805,0.17219285599871856,0.9275922391857506,0.09090909090909091,0.11420204978038068,0.07932011331444759,0.13636363636363635,0.21966395432919839,0.5994041170097508
0.1120920803086783,0.10144927536231885,0.15873771011734855,0.9347885446280859,0.08979591836734693,0.04974765681326604,0.03814713896457766,0.02711864406779661,0.18898462107867736,0.5939999625348894
0.10937708416700014,0.12882343421265577,0.15527702379051572,0.9326420718612776,0.07397444519166106,0.030882352941176472,0.09048067860508954,0.16151202749140894,0.21037113978259814,0.5979525710260625
