Home,Work,Other,Commuting,Amenity,Leisure,Shop,Tourism,macro avg,weighted avg
0.15083323886180705,0.1121867881548975,0.15431930016402406,0.9280331204827731,0.04230769230769231,0.07706885660138976,0.06157443491816056,0.03,0.19454042893634305,0.5960442507542743
0.10877796901893287,0.08568450312717164,0.13585060537656474,0.9431473085017726,0.0735930735930736,0.0697084917617237,0.06606851549755302,0.03481012658227848,0.18970507418238386,0.5919998688234281
0.09195402298850575,0.09621552277100706,0.20176881941587824,0.9337357043137365,0.08838071693448703,0.08333333333333333,0.015422077922077922,0.049689440993788817,0.19506245483410184,0.5953220701278414
0.13357069024922477,0.10591569252568189,0.1366807099937841,0.9354249032861455,0.037783375314861464,0.029574861367837338,0.05930807248764415,0.045307443365695796,0.18544571857385939,0.5935652991072533
0.12080182873219623,0.1257989745030554,0.15542218543046357,0.9318927673358053,0.10484365419987737,0.024227740763173834,0.05786471067644662,0.040955631399317405,0.19522593663004195,0.5950655039880977
