Home,Work,Other,Commuting,Amenity,Leisure,Shop,Tourism,accuracy,macro avg,weighted avg
0.3869455776408299,0.2909235037653587,0.2270606531881804,0.7227772883198681,0.13771517996870108,0.18962432915921287,0.07731958762886597,0.19736842105263158,0.5909553103869033,0.2787168175904561,0.5391815242612127
0.38816466552315615,0.3218597482661187,0.1888412017167382,0.7204456443210768,0.10305958132045087,0.15327102803738318,0.08920187793427231,0.1904761904761905,0.5876894762403824,0.26941499219942333,0.535428489346928
0.4316256555062525,0.2665915175426236,0.17688022284122565,0.7195939475196322,0.1333333333333333,0.17204301075268816,0.09022556390977443,0.18518518518518515,0.5888883178290589,0.2719348045738394,0.5358023674503916
0.39699973211893913,0.3158028455284553,0.2156357388316151,0.7211631041787022,0.09933774834437085,0.13703099510603586,0.0583554376657825,0.16568047337278105,0.5887367605269956,0.26375075939333525,0.5383344307248692
0.3976979900360763,0.3229935992122107,0.252072968490879,0.7162982611258474,0.08224299065420561,0.17843866171003717,0.07038123167155425,0.05128205128205128,0.5855406668744157,0.2589259692728577,0.5412189196143014
