Home,Work,Other,Commuting,Amenity,Leisure,Shop,Tourism,accuracy,macro avg,weighted avg
0.2526914985769088,0.2236716512885778,0.25953363496246207,0.7487301822830467,0.18921568627450983,0.1984453589391861,0.12516469038208167,0.23058823529411762,0.6045068395705747,0.2785051172501113,0.536270298379291
0.2433943740128911,0.21765200925731118,0.26312378483473753,0.7460175325527145,0.16410256410256407,0.18147086914995225,0.10758620689655173,0.16822429906542058,0.602092266321235,0.26144645498401786,0.5310483521822311
0.23247893105104578,0.20332635752836214,0.2974931905267532,0.7476740455566249,0.16305372290292178,0.16160626836434866,0.09530483531885074,0.1326781326781327,0.6035844945944835,0.25420193549088,0.5337492179026573
0.2492224930654787,0.21359223300970878,0.2677126985673911,0.7471571983184397,0.12987012987012986,0.1362932369643779,0.11740331491712706,0.2160919540229885,0.6027400647921458,0.2596679073419552,0.5324653253356658
0.21852925194711104,0.2346432264736298,0.2847185246139697,0.7486663600827776,0.15953307392996108,0.12952575216726162,0.11420982735723774,0.22772277227722773,0.6047443898003885,0.26469359860614705,0.5337438775575315
