Home,Work,Other,Commuting,Amenity,Leisure,Shop,Tourism,accuracy,macro avg,weighted avg
0.22466137319009805,0.18323055978217345,0.22279495990836198,0.7347135291285508,0.09184481393507521,0.18760195758564438,0.10058479532163743,0.21604938271604937,0.5880096712533387,0.2451851714459488,0.51104252848871
0.21599169262720666,0.15920559986977048,0.2703426124197002,0.7348441032651559,0.09384615384615384,0.14446529080675424,0.060679611650485445,0.21884498480243164,0.5890614483993447,0.2372775061609573,0.5099751586064952
0.14923522116577095,0.13286352698521828,0.1981170691772411,0.7376218257275525,0.060221870047543584,0.08545454545454546,0.06053268765133172,0.09448818897637795,0.5901624721248805,0.18981686689819766,0.48990022112902587
0.21632780731936188,0.22202407489968795,0.20773971910680003,0.7367448409380913,0.09244992295839753,0.1342512908777969,0.04309252217997465,0.08029197080291971,0.5914069189382611,0.21661526863537875,0.5123156235175296
0.18953268591540115,0.13343758144383633,0.23490838958534238,0.7382007754829419,0.07066557107641742,0.09929078014184398,0.07425742574257425,0.08029197080291971,0.5916734002847358,0.20257314752390967,0.4999297693798798
