Home,Work,Other,Commuting,Amenity,Leisure,Shop,Tourism,accuracy,macro avg,weighted avg
0.3056326936627015,0.1615018289737042,0.23640051631938044,0.7226523436239879,0.05970149253731343,0.059813084112149535,0.01364256480218281,0.06528189910979229,0.5772041356530395,0.2030783028926515,0.5025836190094783
0.28847668212442035,0.2342906234658812,0.23707533234859673,0.7197437657286662,0.06627017841971113,0.1403225806451613,0.056338028169014086,0.17215189873417722,0.5762164987105057,0.2393336362044535,0.5089362259139245
0.29232919797309104,0.20948539457419815,0.23217771168324194,0.7241278026174081,0.07980845969672785,0.09951060358890702,0.013071895424836602,0.21354166666666663,0.5791546337621423,0.2330065915281347,0.5088050942440676
0.2961494404793374,0.2526414651326602,0.20990634353577292,0.7235132692738171,0.13476263399693722,0.17903596021423104,0.013123359580052495,0.19121447028423771,0.5786782827993351,0.25004336781213077,0.5144615261375659
0.29445606694560666,0.1622387530995395,0.17213533680874984,0.7209243786184665,0.06721311475409837,0.07862407862407862,0.0425,0.16129032258064518,0.5747776600156674,0.21242275642889807,0.49425813623624715
