Home,Work,Other,Commuting,Amenity,Leisure,Shop,Tourism,accuracy,macro avg,weighted avg
0.2382782475019216,0.22520882415934887,0.2832650369742358,0.7505470958329535,0.14663072776280325,0.16028225806451613,0.1250814332247557,0.2298850574712644,0.6066163544639134,0.26989733512397496,0.5372257547623395
0.25486889806930274,0.24506529000911026,0.2789783889980354,0.7467359914227907,0.16301239275500476,0.19043107531975365,0.1102791014295439,0.18807339449541285,0.6035925983619326,0.2721805665623693,0.5384194216511294
0.22776148582600195,0.227950575202386,0.31547750696686866,0.7483588873891024,0.15112855740922473,0.16802688430148824,0.10906612133605999,0.1563218390804598,0.6049163480905989,0.263011482188949,0.5386029718003772
0.27852456393022884,0.24074364196563788,0.28161545381373987,0.747655046899062,0.14501510574018125,0.15119228817858957,0.133946158896914,0.22972972972972971,0.604166151461945,0.2760527486442604,0.5423775965743554
0.2470147302362067,0.2265575164788433,0.2985214299082912,0.7491546229386695,0.17660873649600753,0.1257606490872211,0.1440993788819876,0.23529411764705885,0.606058602306071,0.2753763977092857,0.5392475089629011
