Home,Work,Other,Commuting,Amenity,Leisure,Shop,Tourism,accuracy,macro avg,weighted avg
0.2160869131864846,0.19246442229327315,0.25805712977274026,0.7467244442740091,0.14914914914914915,0.13895486935866982,0.072208228379513,0.214123006833713,0.6014122456564155,0.248471020405944,0.5231657498690786
0.22350345934021856,0.2655106406936156,0.28347320498052764,0.7478232576299864,0.12829324169530357,0.127633955448525,0.13498836307214895,0.2396088019559902,0.6053075253593152,0.2688543656020395,0.5383075585771868
0.24764336213668503,0.2046823573247221,0.2845460146754047,0.7501437886532981,0.12507106310403637,0.10465858328015318,0.13533834586466165,0.21204819277108433,0.6077913101953899,0.2580164634762557,0.5372989739371231
0.2259758272240935,0.20409702149051148,0.2604774842476444,0.7467606215476743,0.12385321100917432,0.1688533941814033,0.08125,0.17098445595854922,0.602822996084896,0.24778150195738133,0.5274157577993156
0.23417269854215517,0.21361516941249611,0.2767358785443179,0.75,0.10562971561230412,0.10239792611795204,0.1462333825701625,0.22222222222222227,0.6073538389293262,0.2563758741277013,0.5346991140868406
