Home,Work,Other,Commuting,Amenity,Leisure,Shop,Tourism,accuracy,macro avg,weighted avg
0.3904251641894227,0.3113039040571574,0.2351908731899956,0.7226922495845294,0.12361331220285263,0.2,0.10050251256281408,0.20382165605095542,0.591819614621994,0.2859437089797159,0.5433219444089717
0.4019098676495225,0.3249839434810533,0.20622654007507177,0.7203461214488093,0.11199999999999999,0.13688212927756657,0.11136890951276102,0.1511627906976744,0.5892743028041205,0.27061003776780734,0.5399893313637261
0.4369855350435547,0.28372739916550765,0.1823191733639495,0.7193408032035732,0.15015015015015015,0.18181818181818182,0.10891089108910891,0.13978494623655913,0.5902759932158093,0.2753796350088231,0.5397811756161338
0.40214902237097055,0.3296867230233714,0.23635600335852222,0.720507744264586,0.09836065573770492,0.13689482470784642,0.05277044854881266,0.12162162162162163,0.5895892534228881,0.2622933804541795,0.5424374367431246
0.40436326737696604,0.3057357242782653,0.25020850708924103,0.7156478066389391,0.10375670840787123,0.1660516605166052,0.06567164179104477,0.03252032520325203,0.5847875766074582,0.2554944551627731,0.5396042228157285
