home,work,other,displacement,amenity,leisure,shop,tourism,accuracy,macro avg,weighted avg
0.3948765484115615,0.22405174948544546,0.24432061723103304,0.7240298867196915,0.01568627450980392,0.028103044496487123,0.0,0.0,0.5900401647262189,0.20388351510675282,0.5295212294430417
0.36857142857142855,0.30494326333637667,0.2115803221593383,0.7214234768572394,0.028776978417266192,0.0,0.033426183844011144,0.13924050632911394,0.5869481863960533,0.22599526993934677,0.5286884399980512
0.40927487352445197,0.2715348208248817,0.17716810044175774,0.7213989666723443,0.0,0.004640371229698376,0.006006006006006006,0.030534351145038167,0.5878347124428226,0.20256968623052227,0.5283789611369104
0.4165633523431689,0.29350213150755716,0.21642764015645374,0.7183689320388349,0.01616161616161616,0.04848484848484848,0.0,0.0425531914893617,0.585662619478171,0.21900771402273014,0.5344472610444299
0.37498872146530726,0.26574375678610207,0.13072568193515183,0.7212377776945266,0.008547008547008548,0.01492537313432836,0.0,0.0,0.5860600394723174,0.1895210399453031,0.5180068141671214
