Home,Work,Other,Commuting,Amenity,Leisure,Shop,Tourism,accuracy,macro avg,weighted avg
0.24313425866972285,0.22714270579510543,0.2855524614150186,0.7499400239904038,0.16134101623886854,0.1672544080604534,0.1357006975269499,0.23129251700680276,0.6063383563771944,0.2751697610879157,0.5384610582785633
0.25332993976414697,0.24196424023228566,0.2777561355668095,0.7478608657675311,0.16305372290292178,0.17023346303501946,0.12765957446808512,0.2013129102844639,0.6048633714018676,0.272896356502658,0.5382883156040911
0.24976372540596267,0.23521371116134795,0.2981811415546355,0.749548489097382,0.15310077519379847,0.1830188679245283,0.11325782811459027,0.20331950207468882,0.6066181608911908,0.27317550506586674,0.5415847021132355
0.2728419681738635,0.2502165825816644,0.28260559699719673,0.7474284913231661,0.14568880079286423,0.20395327942497757,0.1219022103148024,0.21315192743764172,0.6040177725020814,0.2797236071307721,0.543202413277386
0.2527082069503423,0.2368694208013286,0.2901240503894605,0.7500767595312164,0.19803746654772528,0.12357217030114226,0.14089775561097256,0.2471395881006865,0.6071909740876968,0.27992817727910935,0.5410494369580643
