Home,Work,Other,Commuting,Amenity,Leisure,Shop,Tourism,accuracy,macro avg,weighted avg
0.4040827008636483,0.349957322277771,0.221448770937568,0.7253589955642432,0.06132879045996592,0.15008726003490402,0.09336609336609336,0.03333333333333333,0.5972811805134425,0.2548704083546909,0.5488814926480409
0.4424988168480833,0.34221994360420405,0.2647058823529412,0.7242456979705225,0.10142630744849444,0.17142857142857143,0.06516290726817042,0.06299212598425197,0.5998122494545085,0.2718350316131549,0.5583996139220035
0.43987835949700005,0.3303834808259587,0.22973540529189415,0.7249213426757002,0.12804878048780488,0.16326530612244897,0.13392857142857142,0.1568627450980392,0.5976421955140473,0.2883779989284272,0.5524510533885036
0.42962211514075577,0.35541955984465107,0.25945731828084767,0.7206817153090744,0.16442451420029897,0.1435897435897436,0.11139240506329112,0.20118343195266275,0.5935953644591442,0.2982213504226656,0.555836465460998
0.3981323516207237,0.33061582842092063,0.28103044496487123,0.7194361931387966,0.1274787535410765,0.18121911037891267,0.059620596205962065,0.21768707482993196,0.5906922779425036,0.28940254413764943,0.5478850247698022
