Home,Work,Other,Commuting,Amenity,Leisure,Shop,Tourism,accuracy,macro avg,weighted avg
0.21058979616451576,0.19094285940093259,0.21665209365588264,0.7362876006244603,0.14378145219266714,0.18122448979591835,0.09836065573770492,0.21958456973293766,0.5895160575718065,0.24967793966312743,0.5107152495465491
0.22751259294794918,0.16464303059737737,0.27158289438443,0.7341832207276465,0.09450038729666925,0.13485280151946819,0.05405405405405406,0.15172413793103448,0.5891249412690954,0.2291316399323286,0.5118642296272441
0.15359387810877287,0.1395269695422835,0.20768997880714507,0.7375922887612798,0.06175771971496436,0.16876971608832808,0.058465286236297195,0.12363636363636364,0.5902261866836572,0.20637902511192935,0.49345407738613367
0.21890361520751667,0.2120313331812305,0.21062142355185223,0.7365276826032716,0.08150470219435738,0.14174589455488334,0.043037974683544304,0.08208955223880597,0.5914708175184348,0.21580777227693276,0.5115409537520685
0.18224976922062508,0.13307852675469076,0.23876863876863877,0.7386430576250042,0.06833333333333333,0.10396475770925111,0.06741573033707865,0.1245674740484429,0.5921351340951941,0.2071276609746331,0.49947180381727274
