Home,Work,Other,Commuting,Amenity,Leisure,Shop,Tourism,macro avg,weighted avg
0.5565969718817592,0.4813820865481382,0.44688323090430204,0.6205898433731065,0.375,0.4095238095238095,0.4222222222222222,0.5,0.47652477055666725,0.5672351022602918
0.5400462071621102,0.5105162523900574,0.465288035450517,0.627037680384821,0.35555555555555557,0.3227848101265823,0.22033898305084745,0.5,0.44269594051506134,0.5702155994453407
0.5506172839506173,0.49500384319754037,0.44543973941368076,0.6226127320954907,0.3559322033898305,0.42105263157894735,0.4,0.375,0.4582073042032634,0.5673130925205941
0.5412140575079872,0.4729094895082994,0.4309210526315789,0.6280226376264791,0.30386740331491713,0.2916666666666667,0.2972972972972973,0.4146341463414634,0.42256659386183615,0.5619358919838717
0.5776446065659198,0.4792727272727273,0.41189931350114417,0.6178677426884983,0.22613065326633167,0.3021978021978022,0.22,0.5161290322580645,0.418892734718811,0.5615492746625881
