home,work,other,displacement,amenity,leisure,shop,tourism,macro avg,weighted avg
0.5360329444063143,0.4649176327028676,0.4394757131842714,0.609863510010307,0.6666666666666666,0.75,0.0,0.0,0.43336955837130336,0.557159095685047
0.5579886455798865,0.44737849215461156,0.447926267281106,0.6068586585827965,0.6666666666666666,0.0,0.6,0.3235294117647059,0.4562935177537217,0.5558318275972818
0.5343461030383091,0.45347786811201446,0.4498229043683589,0.6089526487315483,0.0,1.0,0.1111111111111111,0.6666666666666666,0.47804716275350106,0.552045132036558
0.5179856115107914,0.4588045234248788,0.41989881956155145,0.6140211113324039,0.3333333333333333,0.4,0.0,0.375,0.3898804248953699,0.5455450873351101
0.5501720942546995,0.48561507936507936,0.43270868824531517,0.5995453271464607,0.2857142857142857,0.75,0.0,0.0,0.38796943434073006,0.551355985994164
