Home,Work,Other,Commuting,Amenity,Leisure,Shop,Tourism,macro avg,weighted avg
0.48303324099722994,0.45440795159896286,0.4556751022882255,0.6318546878148479,0.4610169491525424,0.39650872817955113,0.38095238095238093,0.37037037037037035,0.45422742641926384,0.5604291962741951
0.48045136681500317,0.4510059612518629,0.46576,0.6307870595796895,0.35550935550935553,0.3771106941838649,0.3333333333333333,0.3416666666666667,0.4294530546674721,0.5576446643083075
0.49354900828037745,0.45100105374077976,0.4445829697045256,0.6331885401922983,0.36666666666666664,0.3779697624190065,0.3404255319148936,0.3008849557522124,0.42603356108384505,0.5588906384265921
0.459113690319177,0.45788637266587207,0.4477566997892201,0.6353766990868802,0.36180904522613067,0.4281609195402299,0.3300970873786408,0.37777777777777777,0.43724728647299105,0.55696489700976
0.48156329651656754,0.46579234972677597,0.4639325189063409,0.6322728827640131,0.37751004016064255,0.3862928348909657,0.3028720626631854,0.3787878787878788,0.43612798305204625,0.5605137499619892
