Home,Work,Other,Commuting,Amenity,Leisure,Shop,Tourism,macro avg,weighted avg
0.4840290687848572,0.44389233954451346,0.4614797864225782,0.6323363675769398,0.44126074498567336,0.4129353233830846,0.36394557823129253,0.3617021276595745,0.45019766707356423,0.5601010336485245
0.4860026041666667,0.4531577943140622,0.4820010140273787,0.6303985584468428,0.3425742574257426,0.36610878661087864,0.3046153846153846,0.3262411347517731,0.42388744179484117,0.5597704288398346
0.48734283319362953,0.44829659318637277,0.46375343655042683,0.6343242768130946,0.3542600896860987,0.388,0.3159851301115242,0.30625,0.42477654494264333,0.5603914995080389
0.468352661729775,0.4457153231663036,0.4528014616321559,0.6357791601248087,0.34186046511627904,0.37645107794361526,0.32616487455197135,0.3560606060606061,0.4253982037906894,0.5566636030925494
0.4846268904769819,0.45358775591333733,0.47873690891780385,0.6332707281762335,0.36333878887070375,0.43272727272727274,0.29973474801061006,0.375,0.4401278866366179,0.5622655668418831
