Home,Work,Other,Commuting,Amenity,Leisure,Shop,Tourism,macro avg,weighted avg
0.4853369151555854,0.4454439930354034,0.47886127044826854,0.6217683309739976,0.3669950738916256,0.3342857142857143,0.27564102564102566,0.32413793103448274,0.4165587818082629,0.5530908679781597
0.48121761658031087,0.44099495043949877,0.47050254916241807,0.6315910964550701,0.4226415094339623,0.36054421768707484,0.3799126637554585,0.3983739837398374,0.44822232340670387,0.5595451909053739
0.46343256155825063,0.4707226506712368,0.4732625302776225,0.6318132831125287,0.3716216216216216,0.4079601990049751,0.33210332103321033,0.34108527131782945,0.43650017982465944,0.5607372914557466
0.4657953849295487,0.45579567779960706,0.4806912737358652,0.6241249501127183,0.39416058394160586,0.40437158469945356,0.2905027932960894,0.3626373626373626,0.43475995139403134,0.5548487749344777
0.4967560553633218,0.46096055808961633,0.45992578849721705,0.6296441397322886,0.3855932203389831,0.43169398907103823,0.3378839590443686,0.3560606060606061,0.44481478952468,0.5617944662071942
