Home,Work,Other,Commuting,Amenity,Leisure,Shop,Tourism,macro avg,weighted avg
0.5537888198757764,0.45760598503740646,0.45141342756183744,0.6134533999427244,0.32592592592592595,0.37857142857142856,0.35714285714285715,0.4838709677419355,0.45272160147498647,0.5589134925426711
0.5441211829766771,0.4586383601756955,0.4553376906318083,0.6114302310571834,0.4155844155844156,0.3904761904761905,0.24675324675324675,0.27692307692307694,0.42490804932228676,0.5553190497187392
0.5268859562733897,0.49373695198329853,0.446135831381733,0.6125077439760018,0.40186915887850466,0.375,0.24,0.22727272727272727,0.41542604622070683,0.5559205316179586
0.5606557377049181,0.4767932489451477,0.40483870967741936,0.6128092682288258,0.24793388429752067,0.28378378378378377,0.2972972972972973,0.3888888888888889,0.4091251023529752,0.5541650535394739
0.5339022140221402,0.4733044733044733,0.39868852459016396,0.6153950033760972,0.2972972972972973,0.34285714285714286,0.35294117647058826,0.42857142857142855,0.43036965756116646,0.5523689688233936
