Home,Work,Other,Commuting,Amenity,Leisure,Shop,Tourism,macro avg,weighted avg
0.4315373208106772,0.4434654919236417,0.45454545454545453,0.6123126912978517,0.3389830508474576,0.378839590443686,0.31343283582089554,0.3217391304347826,0.4118569457655558,0.5366586023383054
0.45016611295681064,0.4538152610441767,0.43026874115983027,0.61181397528261,0.3193717277486911,0.4329268292682927,0.3283582089552239,0.4888888888888889,0.43945121816306554,0.539094351276087
0.4726661059714045,0.4638009049773756,0.4635135135135135,0.6032624648802785,0.32231404958677684,0.3474025974025974,0.2823529411764706,0.3148148148148148,0.40876592404040396,0.5403832307941536
0.45288362512873326,0.44002525252525254,0.47188484030589295,0.6113079873415875,0.37410071942446044,0.4581005586592179,0.3617021276595745,0.2894736842105263,0.4324348494069057,0.5423209387839177
0.4866197183098592,0.4639612356147789,0.45358187134502925,0.6059697249662426,0.3228346456692913,0.39072847682119205,0.40298507462686567,0.45,0.44708509341915736,0.5451488521668237
