Home,Work,Other,Commuting,Amenity,Leisure,Shop,Tourism,macro avg,weighted avg
0.46402060293894865,0.43846153846153846,0.47619047619047616,0.6309405869170025,0.40208333333333335,0.35927152317880795,0.40425531914893614,0.392,0.4459029225211304,0.5568406836578564
0.4754043688510922,0.4476417135439204,0.48511029411764706,0.6256337650907838,0.3333333333333333,0.3682170542635659,0.3482142857142857,0.32142857142857145,0.42562292329289997,0.5555427194403246
0.4763779527559055,0.44729827962200147,0.45540636042402827,0.6296278428004901,0.34325396825396826,0.3909952606635071,0.3487179487179487,0.3176470588235294,0.42616558400767235,0.5552318835513366
0.4647335423197492,0.45557612216566407,0.4545755419493629,0.6281589493505867,0.37091988130563797,0.42038216560509556,0.36324786324786323,0.373015873015873,0.4413262423699791,0.5544527773735776
0.480390205056739,0.4446404076033706,0.47720266104170045,0.6287377740873411,0.38588235294117645,0.4096774193548387,0.30824372759856633,0.4144144144144144,0.4436486202622684,0.5579652497450536
