Home,Work,Other,Commuting,Amenity,Leisure,Shop,Tourism,macro avg,weighted avg
0.4743342338865303,0.440844009042954,0.4422214556743705,0.5982188159265095,0.45,0.463768115942029,0.625,0.44,0.49179832880904917,0.5364591525070626
0.49992418498862773,0.4403690888119954,0.42657807308970097,0.5986923484714614,0.31451612903225806,0.435,0.2823529411764706,0.3300970873786408,0.4159412316186444,0.5346517577278891
0.49739854318418314,0.4323308270676692,0.4122112211221122,0.6016513686836503,0.4032258064516129,0.42657342657342656,0.22727272727272727,0.5125,0.4391454900444227,0.534985424288604
0.491877652568418,0.40435926343479894,0.4442174090723335,0.605901548288551,0.35918367346938773,0.4642857142857143,0.22727272727272727,0.37373737373737376,0.42135442026616304,0.5347489380810012
0.4851357173632055,0.46582587469487385,0.4166254329539832,0.5920827998292787,0.3153846153846154,0.37209302325581395,0.34,0.38961038961038963,0.42209473163652,0.5306407038335003
