Home,Work,Other,Commuting,Amenity,Leisure,Shop,Tourism,macro avg,weighted avg
0.5542198233562315,0.45607476635514016,0.4507989907485282,0.6165893271461717,0.30708661417322836,0.37748344370860926,0.38461538461538464,0.4444444444444444,0.44891409931846726,0.5603568453596444
0.5406806400721208,0.4632002929329916,0.45784313725490194,0.6143146346241756,0.43209876543209874,0.375,0.2926829268292683,0.2708333333333333,0.4308317163098613,0.5575167298308328
0.5262752646775746,0.507715281234445,0.4406215316315205,0.6145192592348936,0.390625,0.36619718309859156,0.275,0.22413793103448276,0.4181364313639385,0.5583191675573076
0.554126213592233,0.47715005397625043,0.4176557863501484,0.6156627305293884,0.23622047244094488,0.30597014925373134,0.2564102564102564,0.6,0.4328994578191191,0.5561865545489506
0.5289823008849558,0.47869374751095184,0.40080160320641284,0.6141697814594067,0.29591836734693877,0.3125,0.39285714285714285,0.15384615384615385,0.3972211371389953,0.5508918615248284
