Home,Work,Other,Commuting,Amenity,Leisure,Shop,Tourism,macro avg,weighted avg
0.4189895470383275,0.4472243940578577,0.44271623672230653,0.6125114941689899,0.3473053892215569,0.391156462585034,0.31851851851851853,0.3431372549019608,0.4151949121518189,0.5344481959594418
0.4522895881299565,0.4500690289921767,0.4277244494635799,0.6113111814192194,0.305,0.4350282485875706,0.3246753246753247,0.42857142857142855,0.42933365622990705,0.5380113182905284
0.4800531914893617,0.4684848484848485,0.46471435429668745,0.6014590238963705,0.31666666666666665,0.3357142857142857,0.2777777777777778,0.36363636363636365,0.4135633139952952,0.5410749703821507
0.45523959978936285,0.4296807592752373,0.476146364057434,0.6121673003802282,0.37267080745341613,0.42391304347826086,0.3695652173913043,0.25,0.4236728864781555,0.5417973523733309
0.4819356977129599,0.46545454545454545,0.44928070822574695,0.6061223326970742,0.2986111111111111,0.3888888888888889,0.40540540540540543,0.44,0.44196233618696656,0.5438971932203557
