Home,Work,Other,Commuting,Amenity,Leisure,Shop,Tourism,macro avg,weighted avg
0.3013607257203842,0.23629672670927754,0.1590976550905313,0.8729014598540146,0.07738095238095238,0.1360381861575179,0.057803468208092484,0.1322314049586777,0.246638822384931,0.591819614621994
0.3198240234635382,0.25029679461812426,0.13308634938728983,0.8706154558074966,0.06433823529411764,0.08372093023255814,0.06876790830945559,0.10483870967741936,0.23693605084874997,0.5892743028041205
0.3735993440830828,0.19687319050376376,0.11493920092646208,0.8672763567151014,0.09293680297397769,0.12093023255813953,0.06790123456790123,0.1015625,0.24200235779105356,0.5902759932158093
0.3155930329001935,0.2518518518518518,0.1648126463700234,0.8683915036960793,0.062111801242236024,0.08817204301075268,0.029411764705882353,0.06766917293233082,0.23100172708866876,0.5895892534228881
0.3272652614289625,0.22458893871449925,0.18187329493785995,0.8572972972972973,0.06290672451193059,0.11306532663316583,0.035830618892508145,0.01818181818181818,0.22762616007475522,0.5847875766074582
