Home,Work,Other,Commuting,Amenity,Leisure,Shop,Tourism,macro avg,weighted avg
0.13927887683471601,0.121663813072817,0.14221938775510204,0.9232098333406238,0.09124087591240876,0.11909871244635194,0.058333333333333334,0.16666666666666666,0.22021393742025247,0.5895160575718065
0.15222275718183279,0.10056363097003856,0.19840855726584922,0.9177411206536781,0.05545454545454546,0.0798650168728909,0.029451137884872823,0.08979591836734693,0.20293783558138184,0.5891249412690954
0.09169521944852341,0.08211496094532346,0.13382754584471324,0.9488819998680825,0.03415061295971979,0.11145833333333334,0.03260869565217391,0.07692307692307693,0.18895755562186833,0.5902261866836572
0.14433412652826783,0.13966536419196474,0.13556474541225122,0.9262622914595072,0.04573438874230431,0.08384458077709611,0.02288021534320323,0.04782608695652174,0.19326397492638955,0.5914708175184348
0.11212072042836281,0.0776797485042085,0.1620315968142055,0.9456977440606907,0.03821062441752097,0.059959349593495935,0.03678474114441417,0.07228915662650602,0.1880967101986756,0.5921351340951941
