Home,Work,Other,Commuting,Amenity,Leisure,Shop,Tourism,macro avg,weighted avg
0.1736197710010203,0.15012813211845102,0.17837616183706945,0.920595045961687,0.12371794871794872,0.13708149084017687,0.0740452065471551,0.16333333333333333,0.2401121362946052,0.6045068395705747
0.16356855995410213,0.14378040305767895,0.1805185033176004,0.9237679562693335,0.10884353741496598,0.12040557667934093,0.0636215334420881,0.11392405063291139,0.2273037650960027,0.602092266321235
0.15375729220816728,0.13156581854465113,0.22089675030851502,0.9201979890852171,0.1069221260815822,0.10185185185185185,0.05519480519480519,0.08385093167701864,0.22177969561897604,0.6035844945944835
0.17026530377856897,0.13949698901877436,0.189723047171766,0.9217786846915784,0.0787153652392947,0.08133086876155268,0.0700164744645799,0.15210355987055016,0.22542878662458316,0.6027400647921458
0.1414336791512807,0.15937346351057105,0.2028835540838852,0.9251303470712754,0.10055180870631514,0.07692307692307693,0.07008964955175224,0.15699658703071673,0.22917277075360917,0.6047443898003885
