Home,Work,Other,Commuting,Amenity,Leisure,Shop,Tourism,macro avg,weighted avg
0.1581453349960322,0.1497010250569476,0.2055084745762712,0.9241456739877904,0.08717948717948718,0.10044219835754896,0.07482462977396727,0.16666666666666666,0.23332668632433892,0.6066163544639134
0.17343660355708548,0.16824183460736622,0.19912442711539777,0.9149116487986779,0.10575139146567718,0.12737642585551331,0.06606851549755302,0.12974683544303797,0.23558221029253862,0.6035925983619326
0.1480390458037313,0.15251942128144821,0.24448100918689153,0.9147405976337202,0.09517923362175525,0.10802469135802469,0.06493506493506493,0.10559006211180125,0.22918864074155465,0.6049163480905989
0.19989663489146664,0.16330145235565002,0.20540092547827887,0.9081324660970115,0.0906801007556675,0.0918052988293284,0.08401976935749589,0.1650485436893204,0.23853564893177742,0.604166151461945
0.16610984115819705,0.14968041019877784,0.220060706401766,0.919049851539303,0.11526670754138565,0.07510599636583888,0.0945395273023635,0.17064846416382254,0.23880768808393182,0.606058602306071
