Home,Work,Other,Commuting,Amenity,Leisure,Shop,Tourism,macro avg,weighted avg
0.15347798340778557,0.11521804814180683,0.14885204081632653,0.9178294912733477,0.05291970802919708,0.12339055793991416,0.059722222222222225,0.15765765765765766,0.2161334636860322,0.5880096712533387
0.14187128871770183,0.09670720854345892,0.1976258805113488,0.9209480088738551,0.05545454545454546,0.08661417322834646,0.03346720214190094,0.1469387755102041,0.20995338537267022,0.5890614483993447
0.08835046500244738,0.07740837172040857,0.12589413447782546,0.9534771233208011,0.03327495621716287,0.04895833333333333,0.033967391304347824,0.05429864253393665,0.17695367723878289,0.5901624721248805
0.14187248707639288,0.1496844003606853,0.13285086585681055,0.9249806651198763,0.052770448548812667,0.07975460122699386,0.02288021534320323,0.04782608695652174,0.19407747131116207,0.5914069189382611
0.11796203147817622,0.07788256769090356,0.15902859381120252,0.9438787959450766,0.04007455731593663,0.056910569105691054,0.04087193460490463,0.04417670682730924,0.18509821959740005,0.5916734002847358
