home,work,other,displacement,amenity,leisure,shop,tourism,macro avg,weighted avg
0.3125667022411953,0.147588611272516,0.16918967052537845,0.8907846715328467,0.007936507936507936,0.014319809069212411,0.0,0.0,0.1927982465722071,0.5900401647262189
0.27516331155845886,0.23130193905817176,0.13850099743516672,0.8893105043961129,0.014705882352941176,0.0,0.017191977077363897,0.08870967741935484,0.2068605361621963,0.5869481863960533
0.3316479912544411,0.19378498359390078,0.11030689056166763,0.8847778654658558,0.0,0.002325581395348837,0.0030864197530864196,0.015625,0.1926943415030376,0.5878347124428226
0.3483549903234725,0.2157644824311491,0.14578454332552693,0.8654439973799943,0.008281573498964804,0.025806451612903226,0.0,0.022556390977443608,0.2039990536936818,0.585662619478171
0.2844237612920887,0.1829222720478326,0.07699302819036072,0.9049118683901293,0.004338394793926247,0.007537688442211055,0.0,0.0,0.18264087664456857,0.5860600394723174
