Home,Work,Other,Commuting,Amenity,Leisure,Shop,Tourism,macro avg,weighted avg
0.22544943133178427,0.09885931558935361,0.1613187366301749,0.9124475581442711,0.03197158081705151,0.03196803196803197,0.006896551724137931,0.035256410256410256,0.18802095205765193,0.5772041356530395
0.20273012359343295,0.1596020399632138,0.1641523906929174,0.9021527621310501,0.037037037037037035,0.08365384615384615,0.03129074315514994,0.11643835616438356,0.21213216236137888,0.5762164987105057
0.20699041138261676,0.13823302137889584,0.16159917194979945,0.9092138422767226,0.04428697962798937,0.05632502308402586,0.006729475100942127,0.13486842105263158,0.20728079323170295,0.5791546337621423
0.21184998424204224,0.18371179784872801,0.13742098609355247,0.8977819842804823,0.08294062205466542,0.11090047393364928,0.006756756756756757,0.1284722222222222,0.21997935342901234,0.5786782827993351
0.2113760090107002,0.09822424294415373,0.10847719659881473,0.9214355397803932,0.03761467889908257,0.04395604395604396,0.02266666666666667,0.1016949152542373,0.19318066163876155,0.5747776600156674
