Home,Work,Other,Commuting,Amenity,Leisure,Shop,Tourism,macro avg,weighted avg
0.3171733771569433,0.27490421455938696,0.1471949103528051,0.8726878024512686,0.03339517625231911,0.09188034188034189,0.052486187845303865,0.017241379310344827,0.22587042372608923,0.5972811805134425
0.37479957242116513,0.2573742047426258,0.1849677040516735,0.8571232876712329,0.059149722735674676,0.11670480549199085,0.03823529411764706,0.03361344537815126,0.24024600457627016,0.5998122494545085
0.3662241686054468,0.24793070259865255,0.154782116581777,0.8674643137617222,0.07806691449814127,0.10126582278481013,0.08042895442359249,0.09917355371900827,0.24941706837164385,0.5976421955140473
0.3561816652649285,0.28469079939668174,0.18560498724851232,0.8454150891125681,0.11270491803278689,0.09523809523809523,0.06853582554517133,0.1328125,0.260147984979843,0.5935953644591442
0.30374023838882036,0.2523453953666475,0.2132701421800948,0.8609665427509293,0.08875739644970414,0.12941176470588237,0.034482758620689655,0.13793103448275862,0.2526131591181908,0.5906922779425036
