Home,Work,Other,Commuting,Amenity,Leisure,Shop,Tourism,macro avg,weighted avg
0.13898326815821527,0.12275089964014395,0.17661808493966463,0.934537426610568,0.0935929648241206,0.08770614692653673,0.04154589371980676,0.1598639455782313,0.2194498287996609,0.6014122456564155
0.14555308867702757,0.18993153443415223,0.2028416673208258,0.9164845681473802,0.07562457798784605,0.07754206291148501,0.0820754716981132,0.17132867132867133,0.2326727053131877,0.6053075253593152
0.16896690339005763,0.13077289319155688,0.20342783917988147,0.9230120865139949,0.07518796992481203,0.060029282576866766,0.08498583569405099,0.15384615384615385,0.22502862053967182,0.6077913101953899
0.14917271597671833,0.1314873289612177,0.17863939105613702,0.9293756725935206,0.07346938775510205,0.10670511896178803,0.047229791099000905,0.11186440677966102,0.21599297664789321,0.602822996084896
0.15319461117780445,0.1390192587797378,0.19790835063068818,0.9272412577326197,0.06119704102219233,0.05808823529411765,0.09330819981149858,0.16151202749140894,0.22393362274250847,0.6073538389293262
