Home,Work,Other,Commuting,Amenity,Leisure,Shop,Tourism,macro avg,weighted avg
0.16233987076295206,0.15261958997722094,0.20673865500273372,0.9212827170023157,0.09871794871794871,0.10486418193303854,0.08339828526890102,0.17,0.23749515608313884,0.6063383563771944
0.17131382673551349,0.165045170257123,0.19508858335043436,0.9191208667033914,0.10698824984539271,0.1108998732572877,0.08075040783034258,0.14556962025316456,0.2368470747790812,0.6048633714018676
0.16790850805752902,0.1594326847694391,0.21973124914301384,0.9159251477162157,0.09765142150803462,0.11975308641975309,0.0689935064935065,0.15217391304347827,0.23769618964387124,0.6066181608911908
0.1924888021132422,0.17392844491675521,0.20540092547827887,0.9066445606427752,0.09256926952141058,0.1398644485520641,0.07495881383855024,0.15210355987055016,0.2422448531167033,0.6040177725020814
0.17091612449446106,0.16028657722834866,0.20812637969094921,0.919717569506599,0.13611281422440222,0.07207752877044216,0.09209453952730236,0.18430034129692832,0.24295398434242912,0.6071909740876968
