Home,Work,Other,Commuting,Amenity,Leisure,Shop,Tourism,macro avg,weighted avg
0.297358591248666,0.21324811156304474,0.1516770555060849,0.8795164233576642,0.0873015873015873,0.12649164677804295,0.04335260115606936,0.12396694214876033,0.24036411988248996,0.5909553103869033
0.30169310758565526,0.24792243767313019,0.11912225705329153,0.8767700138824618,0.058823529411764705,0.09534883720930233,0.054441260744985676,0.14516129032258066,0.23741034173539652,0.5876894762403824
0.3655370319759497,0.18259023354564755,0.11030689056166763,0.872057936028968,0.07992565055762081,0.11162790697674418,0.05555555555555555,0.15625,0.24173140065026918,0.5888883178290589
0.30729886646392035,0.23608736942070274,0.14695550351288056,0.8760643772808084,0.062111801242236024,0.09032258064516129,0.03235294117647059,0.10526315789473684,0.23205707470461462,0.5887367605269956
0.3168628524500411,0.24514200298953662,0.1842982722036981,0.856780258519389,0.04772234273318872,0.12060301507537688,0.03908794788273615,0.02727272727272727,0.22972117739083672,0.5855406668744157
