Home,Work,Other,Shopping,Community,Food,Entertainment,Travel,Outdoors,Nightlife,accuracy,macro avg,weighted avg
0.5007096224808402,0.4361855373091328,0.6105263157894737,0.34350797266514804,0.35349462365591394,0.06481481481481481,0.0,0.21183800623052956,0.09014084507042254,0.11764705882352941,0.40189235303241816,0.2728864796839805,0.37898050847363784
0.4615827338129496,0.39999999999999997,0.5134751773049645,0.40828402366863903,0.2772963604852687,0.09216589861751152,0.2222222222222222,0.2597402597402597,0.10485436893203884,0.09090909090909091,0.37684537684537683,0.28305301356929446,0.35362637571281474
0.5376162299239222,0.40641381436941104,0.6244477172312223,0.3952982150631258,0.41350210970464135,0.03092783505154639,0.1411764705882353,0.3112391930835735,0.12734864300626306,0.13333333333333333,0.4158354114713217,0.3121303561355274,0.3922138973467992
0.48905317031560985,0.41038632045598483,0.5956204379562045,0.3799753795650389,0.28927680798004984,0.027027027027027025,0.2162162162162162,0.34177215189873417,0.1301775147928994,0.0,0.38824632697718037,0.2879505026207765,0.36766674846525527
0.5058300943920044,0.4199869366427172,0.5689404934687954,0.3411619283065513,0.2817589576547231,0.046948356807511735,0.15533980582524273,0.37370242214532867,0.09484536082474228,0.08187134502923975,0.38529088913282106,0.2870385701096857,0.3676443158814424
