Home,Work,Other,Shopping,Community,Food,Entertainment,Travel,Outdoors,Nightlife,accuracy,macro avg,weighted avg
0.5416372042425891,0.500347112653834,0.41624717930914773,0.3411555906132912,0.2825024437927664,0.027777777777777776,0.2916396629941672,0.2604298356510746,0.34791618696753396,0.29069767441860467,0.43189141015973126,0.33003506684207873,0.4070206290011602
0.5376452753916119,0.5001733342577828,0.44287590282337497,0.37495658214657873,0.3514404471836033,0.1345537757437071,0.2996057818659658,0.29141370338248046,0.34607693212563223,0.3175257731958763,0.4398219680372668,0.3596267508116614,0.4249903909530625
0.5386846073541354,0.5115440851440035,0.4477323898359601,0.3578412201798983,0.347039953339166,0.16192560175054704,0.33127317676143386,0.2828805519620526,0.36722063037249286,0.3339960238568588,0.44533687200260746,0.36801382405565486,0.42946896689053166
0.5505101468774527,0.5125519360357529,0.46627704943926707,0.3718967716612697,0.32805890647031183,0.1788109074653554,0.3239524702939337,0.2829758101323597,0.38182442485979173,0.346072186836518,0.45288518039722647,0.3742930610072013,0.43745741660645554
0.5502586013042501,0.5172034887713756,0.4398164489939993,0.3478441991251822,0.36023938111224635,0.13352970054000982,0.33793556870479946,0.31465338314653385,0.3739424703891709,0.31346153846153846,0.4520697426165342,0.3688884780549106,0.4346059415729347
