Home,Work,Other,Shopping,Community,Food,Entertainment,Travel,Outdoors,Nightlife,macro avg,weighted avg
0.4334152334152334,0.4173098125689085,0.6203208556149733,0.32472006890611543,0.3647711511789182,0.21212121212121213,0.0,0.24113475177304963,0.34408602150537637,0.1346153846153846,0.30924944916991715,0.38699097943143496
0.40220661985957873,0.34317158579289647,0.5435435435435435,0.39983443708609273,0.32719836400818,0.2777777777777778,0.4,0.4838709677419355,0.27692307692307694,0.07865168539325842,0.35331780581263394,0.36816395210543906
0.4678764100049044,0.36308539944903584,0.6883116883116883,0.38023450586264657,0.43286219081272087,0.3,0.13333333333333333,0.421875,0.37888198757763975,0.13333333333333333,0.36997938486853027,0.41176894603021885
0.42136207741303283,0.3787258912916423,0.6126126126126126,0.37550689375506896,0.30851063829787234,0.21428571428571427,0.18461538461538463,0.5142857142857142,0.24535315985130113,0.0,0.32552580864083436,0.37186638865598115
0.46789933230611197,0.3978960396039604,0.5764705882352941,0.31821675634127594,0.2682170542635659,0.14705882352941177,0.1568627450980392,0.4153846153846154,0.18473895582329317,0.109375,0.3042119910585568,0.3624005601310344
