Home,Work,Other,Shopping,Community,Food,Entertainment,Travel,Outdoors,Nightlife,macro avg,weighted avg
0.4830697584166101,0.41169444877187517,0.5268014059753954,0.40195167286245354,0.4322033898305085,0.391304347826087,0.26785714285714285,0.3786764705882353,0.43432020695602186,0.3071253071253071,0.4035004151209637,0.4319240267110247
0.4865853658536585,0.4330911928918773,0.5042990654205608,0.39340379008746357,0.4330625220770046,0.375,0.2733812949640288,0.4745762711864407,0.43482116464676324,0.2774774774774775,0.40856981446052754,0.4383236343704454
0.49930115041393397,0.4297057983433305,0.507843852608537,0.42204797047970477,0.42774982027318476,0.39112050739957716,0.29225736095965105,0.4600280504908836,0.43902439024390244,0.3128491620111732,0.41819280632238776,0.4447492229903213
0.49741667510890486,0.44020630922394144,0.5089655172413793,0.43029064486830154,0.4391778523489933,0.37593984962406013,0.29331823329558326,0.5081967213114754,0.44349906939643713,0.30988593155893535,0.4246896803978012,0.45160908844786707
0.495243877757539,0.4358722074314157,0.5419747716398434,0.42919557954253407,0.4200136147038802,0.40236686390532544,0.3070489844683393,0.4533492822966507,0.476,0.26897689768976896,0.42300420794352966,0.4533808091421022
