Home,Work,Other,Shopping,Community,Food,Entertainment,Travel,Outdoors,Nightlife,macro avg,weighted avg
0.592741935483871,0.4568497284248642,0.6010362694300518,0.3646034816247582,0.3428943937418514,0.03825136612021858,0.0,0.18888888888888888,0.05186385737439222,0.1044776119402985,0.2741607533029195,0.40189235303241816
0.5415259959486833,0.47938504542278126,0.48655913978494625,0.4170984455958549,0.24060150375939848,0.055248618784530384,0.15384615384615385,0.17751479289940827,0.06467065868263473,0.1076923076923077,0.27241426624166987,0.37684537684537683
0.6317880794701987,0.46148459383753504,0.5714285714285714,0.41160471441523117,0.39579967689822293,0.016304347826086956,0.15,0.2465753424657534,0.07653701380175659,0.13333333333333333,0.30948556734766897,0.4158354114713217
0.5826558265582655,0.44782308223911543,0.5795454545454546,0.3845514950166113,0.27230046948356806,0.014423076923076924,0.2608695652173913,0.2559241706161137,0.08859060402684564,0.0,0.28866837446264426,0.38824632697718037
0.5504531722054381,0.44467496542185336,0.5616045845272206,0.36767317939609234,0.2967409948542024,0.027932960893854747,0.15384615384615385,0.33962264150943394,0.0638002773925104,0.06542056074766354,0.28717694907944236,0.38529088913282106
