Home,Work,Other,Shopping,Community,Food,Entertainment,Travel,Outdoors,Nightlife,macro avg,weighted avg
0.6163654369893538,0.637657846054854,0.3440459110473458,0.2963343610825625,0.20982575024201355,0.0144,0.3200568990042674,0.19845857418111754,0.29018628768964855,0.27593818984547464,0.3203269256136637,0.43189141015973126
0.6006774557771923,0.5918451062433342,0.3947907521217442,0.3581619110816191,0.29570670525808007,0.08198549916341327,0.3313953488372093,0.21026282853566958,0.2874169597499023,0.3710843373493976,0.3523326904117562,0.4398219680372668
0.5848129958443521,0.631888440860215,0.4003451251078516,0.3105906313645621,0.29195289499509325,0.1020971302428256,0.38231098430813126,0.20423412204234123,0.31560283687943264,0.3582089552238806,0.35820441168686856,0.44533687200260746
0.6162922053470566,0.6133533884850004,0.430195278344506,0.32745809573181267,0.2618154538634659,0.11730205278592376,0.361731843575419,0.19607843137254902,0.33520900321543406,0.3918269230769231,0.365126267579809,0.45288518039722647
0.6190235264356185,0.6358493752110773,0.3700623700623701,0.29241814043074765,0.31535905954510607,0.08004708652148322,0.3757309941520468,0.24094087730451366,0.307921974522293,0.37557603686635943,0.36129294410516155,0.4520697426165342
