Shopping,Community,Food,Entertainment,Travel,Outdoors,Nightlife,accuracy,macro avg,weighted avg
0.4433878403241478,0.308397957253641,0.49865672031091063,0.18092967818831943,0.10726457399103138,0.20385833573279583,0.15344975665616947,0.40672962043929783,0.270849266065288,0.36833551460498476
0.42276890403079515,0.3175781807796658,0.4982352644582262,0.18696883852691218,0.10843373493975904,0.1922403733955659,0.18558432470258926,0.4042214716359067,0.27311566011907334,0.3650925176313345
0.41506161570059336,0.32143021278551404,0.5048922211808811,0.17930365158316147,0.07971950544380882,0.22071407494836232,0.14612676056338028,0.40488256392456323,0.2667497203151002,0.3637326373728153
0.41838525169199914,0.3206821446776959,0.5043392579679387,0.2,0.09545942080800857,0.21930208789604325,0.16161910308677924,0.40639799424273376,0.27425532373263783,0.36782582057740343
0.4243134779275826,0.31036935185624204,0.5039856264392539,0.19401197604790418,0.09753363228699552,0.18757575757575756,0.16262523595179323,0.40600461355639955,0.268630722583647,0.36547149833733933
