Shopping,Community,Food,Entertainment,Travel,Outdoors,Nightlife,accuracy,macro avg,weighted avg
0.46304828842899903,0.3759231719305321,0.4710367252081911,0.2415574691126919,0.20435193945127722,0.2138027261994204,0.21095371289362086,0.41183040042190494,0.3115248618892475,0.3914914536181473
0.4689085451696018,0.3647839631586076,0.47865464332724306,0.24001185975835743,0.1733468058830134,0.19916300032192294,0.22168803418803418,0.41495952677459524,0.30665097882954007,0.39161500909292457
0.47328800072809535,0.37765721331689267,0.4700767973681681,0.23357455040481478,0.2111301197544531,0.20746553979273571,0.21222212222122222,0.4120767097605749,0.3122020490837688,0.3915648626269848
0.4592718792330573,0.3705123360146844,0.4853518574448808,0.2535980810234542,0.20956136027599806,0.21739992072929054,0.24343434343434345,0.41488769550390026,0.31987568259367266,0.393482878909819
0.45142825231061345,0.3507201245620864,0.482122990558816,0.22308516336368509,0.21300694190719766,0.2417444364680546,0.21455078967808752,0.40533161278139285,0.3109512426926487,0.38136210869546483
