Shopping,Community,Food,Entertainment,Travel,Outdoors,Nightlife,accuracy,macro avg,weighted avg
0.4229599594526103,0.3186283427323995,0.5001916247221441,0.07653409867432007,0.0020546537908362437,0.20432107597653457,0.16837782340862423,0.3987225438838342,0.2418667969653527,0.3522833838297143
0.42296354420715543,0.31578462105845473,0.4946313620599189,0.07424530867555071,0.0,0.20734463276836157,0.17547744256850262,0.3961289727598649,0.24149241590542056,0.34911002102892985
0.42450896669513233,0.3124942369755648,0.5003010774729991,0.08076975199891584,0.0016299918500407502,0.22066139888791342,0.17216321967579654,0.39949091750549576,0.2446469490794804,0.35298259358436357
0.4211129747977664,0.31239965136015413,0.4982817869415809,0.07560329195145767,0.00120870265914585,0.22154204926395568,0.17356551527262348,0.39754155446188133,0.2433877103209549,0.3511891574062438
0.4264413306235961,0.31027504369423237,0.49974727510724615,0.06757688594676597,0.0012575979878432194,0.20790502388880847,0.17623008600028198,0.39857166157932755,0.24134760617839635,0.3514954058416546
