Shopping,Community,Food,Entertainment,Travel,Outdoors,Nightlife,accuracy,macro avg,weighted avg
0.4372121966397013,0.1694036300777874,0.4912893138990454,0.20021316717225549,0.0,0.0,0.0,0.3920731896900165,0.18544547254125568,0.3354183877517517
0.4469894065950481,0.14905652230234467,0.48438148695551086,0.20326765977895242,0.0,0.0,0.005698005698005697,0.3903001050951695,0.18419901161855165,0.32899185453182406
0.4385759193653011,0.13690200210748155,0.4766993472288732,0.19929217459693277,0.0,0.020181339572974556,0.0002983738624496494,0.3813485318654587,0.18170702239057326,0.31744742600119624
0.44246535872383896,0.12521257662645838,0.4826589595375723,0.18353088939477197,0.0,0.017190362124841485,0.007362685907819172,0.3810401518287397,0.17977440461647176,0.3119489397365515
0.4030234193304127,0.1419470883609383,0.4850640113798008,0.16813322667442365,0.0,0.000254323499491353,0.0,0.3645623890031998,0.1712031527492953,0.2932939460194451
