Shopping,Community,Food,Entertainment,Travel,Outdoors,Nightlife,accuracy,macro avg,weighted avg
0.43463958221966364,0.3175041413583655,0.4970238489785637,0.1790937425077919,0.06015325670498085,0.21127360499787026,0.204474505723205,0.404374597922985,0.2720232403557773,0.3680558494572788
0.43186055768545867,0.31996677587559413,0.494465918235426,0.17138063279002877,0.06802981081597555,0.2135512043949852,0.20733149389042177,0.40295341625646997,0.27236948481255574,0.3658858818925336
0.43363868323085286,0.31277777777777777,0.4990721594825301,0.1768577240636592,0.05702416918429003,0.22587751505360554,0.20053050397877986,0.404790003471017,0.2722540761102136,0.367738747689153
0.4276774464510709,0.3125613575802908,0.49730285804724284,0.17269919703520692,0.059808162497649045,0.2160640189685833,0.20131291028446388,0.4027997028507754,0.26963227869492973,0.36492784927510996
0.4384293584061633,0.3134466198743997,0.4952519693536203,0.16750459840588597,0.061730806798202774,0.21695402298850577,0.19303969548667754,0.40360463219703147,0.26947958161620794,0.3664352946340449
