Shopping,Community,Food,Entertainment,Travel,Outdoors,Nightlife,accuracy,macro avg,weighted avg
0.43769996752147383,0.2480043651355011,0.4889062761973956,0.20347461033450936,0.011893636904256223,0.0,0.02247191011235955,0.3961196132419799,0.20177868088649936,0.34549857563150643
0.4548496806864729,0.23529170931422724,0.4820971385542169,0.1818690542809177,0.0068346181355797495,0.006302163174927609,0.023718887262079064,0.3958458115855224,0.19870903591548875,0.3418234751467499
0.4385770591789177,0.2508068930371265,0.4812157780895317,0.1895197286198893,0.00544437904649794,0.009741350352704063,0.01956135151155898,0.389087510824181,0.1992666485480323,0.33473258234649567
0.4347826086956522,0.22913887088781307,0.48671387115496223,0.18399485089036688,0.008449090648718315,0.03348940560272994,0.03043790380473798,0.3873206152788519,0.20100094309785435,0.32952045179243544
0.409850267953662,0.20822735183308155,0.4822730370614087,0.19417250319235382,0.0025388765471278957,0.020716188221367268,0.01776045050898852,0.3714909504308396,0.19079123933114142,0.3108676952728259
