Shopping,Community,Food,Entertainment,Travel,Outdoors,Nightlife,macro avg,weighted avg
0.4116830216626551,0.410334011995818,0.41357461203887663,0.43831521739130436,0.375724777734828,0.4229299363057325,0.38115422236713403,0.40767368564233547,0.4108539098136149
0.4377681339119653,0.42640911969601014,0.3992789249426418,0.4381596752368065,0.4035546262415055,0.39322033898305087,0.3686704175303524,0.4095801766489046,0.4152132576945311
0.42973508995608445,0.3942842430484037,0.40903767868096735,0.4098566758863465,0.4147884539343614,0.3582348853370396,0.38529411764705884,0.4001758777843231,0.40829119696274724
0.4328279637818488,0.4171275755181426,0.4043648929745689,0.41459694989106755,0.41572154868987093,0.396028880866426,0.4037978218374756,0.4120665190799143,0.4149226479935754
0.39830988691517405,0.3848547717842324,0.4122030821858038,0.45643835616438355,0.4271062271062271,0.41319018404907976,0.391249606547057,0.4119074449645654,0.4081638394808916
