Shopping,Community,Food,Entertainment,Travel,Outdoors,Nightlife,macro avg,weighted avg
0.4029778672032193,0.3986117432862995,0.3950320836191937,0.43956043956043955,0.25,0.3977715877437326,0.4392857142857143,0.3890342050997998,0.3961357633327711
0.40227520271087985,0.40798094103633115,0.38757746535368326,0.455,0.0,0.4260011607661056,0.4610909090909091,0.3628465255654156,0.38542337947102034
0.4050684485006519,0.399882005899705,0.3938715403857016,0.4257142857142857,0.4,0.4353348729792148,0.4409448818897638,0.4144022907670461,0.4060711325753688
0.39957290785285465,0.39946034725480994,0.3931381742569413,0.5,0.25,0.41170097508125675,0.4487084870848708,0.4003686987901048,0.40049454526709904
0.40569032888309997,0.38725602755453503,0.3944353518821604,0.4613935969868173,0.3,0.4031443009545199,0.46159527326440175,0.40193069707507634,0.40126791507229664
