Shopping,Community,Food,Entertainment,Travel,Outdoors,Nightlife,macro avg,weighted avg
0.3831450071378451,0.377902321857486,0.40498750038579057,0.43275075987841943,0.5384615384615384,0.0,0.4171270718232044,0.3649105999348978,0.3839536300404884
0.4122356196876853,0.3883370498006622,0.3858520415850535,0.4183651576914825,0.524390243902439,0.5068493150684932,0.3673469387755102,0.4290537666444751,0.40837656266244393
0.4117686780833018,0.37651592428879066,0.3758006126427179,0.4625272331154684,0.47435897435897434,0.48739495798319327,0.3893805309734513,0.4253924159208426,0.40466810103044987
0.41481914484095866,0.3863607147448258,0.37188165176670923,0.43612693246541906,0.5784313725490197,0.46271929824561403,0.3370429252782194,0.4267688628415379,0.4060582900815553
0.37080350701958825,0.3283276038839636,0.3733516723430268,0.4561818181818182,0.5,0.4878048780487805,0.38801261829652994,0.4149260139676724,0.38898941609467047
