Shopping,Community,Food,Entertainment,Travel,Outdoors,Nightlife,macro avg,weighted avg
0.4044230180593817,0.40436005625879046,0.40130156487487423,0.44945848375451264,0.42091152815013405,0.40237966468361275,0.44083006169377453,0.41766633963929717,0.41010549098528276
0.40628325909574675,0.4140195844279914,0.39433982114676486,0.449685534591195,0.4599483204134367,0.4351320321469575,0.44829545454545455,0.4296720009096496,0.4145681504265698
0.4062622462575437,0.4028622540250447,0.40086876903093926,0.4404052443384982,0.3793969849246231,0.450497949619215,0.4244806288601909,0.4149677252937222,0.4089062672675002
0.4018547750591949,0.4119024149827501,0.39716446522993953,0.476158038147139,0.43561643835616437,0.42065781881130987,0.44310656231186035,0.4266372161283369,0.41331602205309187
0.40541575701865257,0.39355287569573283,0.4003314652070567,0.4759581881533101,0.441340782122905,0.4116684841875682,0.4390847247990105,0.4239074681691765,0.4120796211024092
