Shopping,Community,Food,Entertainment,Travel,Outdoors,Nightlife,macro avg,weighted avg
0.37347706831664224,0.28303249097472927,0.4108328721638074,0.5053807947019867,0.0,0.0,0.0,0.22467474659388081,0.3260371111041538
0.4115152765362488,0.34826472962066185,0.3805100776205075,0.40285714285714286,0.0,0.0,0.2923076923076923,0.26220784556317905,0.3409251843613239
0.40119131843804917,0.3548951048951049,0.3681963298466011,0.4777526395173454,0.0,0.4394904458598726,0.5,0.3630751197938533,0.37368526745409847
0.4175194028375105,0.35146536412078155,0.3627670066540992,0.4250909090909091,0.0,0.4552238805970149,0.27472527472527475,0.32668454828937005,0.3605912594242493
0.3565566906715793,0.3202028740490279,0.3697144922298518,0.4398782343987823,0.0,0.3333333333333333,0.0,0.2599550892403678,0.3180380055942003
