Shopping,Community,Food,Entertainment,Travel,Outdoors,Nightlife,macro avg,weighted avg
0.4145181863863013,0.4102918973326623,0.39864047708411526,0.443859649122807,0.4107142857142857,0.4041095890410959,0.4958371877890842,0.4254244674957645,0.4155738693029475
0.4183816446273754,0.43257261410788383,0.3870999334038469,0.4610011641443539,0.4699367088607595,0.43962641761174115,0.5123647604327666,0.4458547490269611,0.42420898882084185
0.4225051105742427,0.4092930711610487,0.3919369858761447,0.4725063938618926,0.4145873320537428,0.44630071599045346,0.47114474929044464,0.4326106226868528,0.41847283346806463
0.4249409804193862,0.4166666666666667,0.3928831506229211,0.4802065404475043,0.4158878504672897,0.4094874591057797,0.4560394412489729,0.42801601271121725,0.4179870693562314
0.4243134779275826,0.40612979277826033,0.3923948379470003,0.49693251533742333,0.4416243654822335,0.41994572591587515,0.4878048780487805,0.43844937049102223,0.42166660268756706
