Shopping,Community,Food,Entertainment,Travel,Outdoors,Nightlife,macro avg,weighted avg
0.5103701674375131,0.18456355651807738,0.616693298242316,0.13300636422023704,0.006013229104028864,0.0,0.011546990900053528,0.20888480091746084,0.3961196132419799
0.5072897821426943,0.16877624739361546,0.6423125156759468,0.11618900077459333,0.0034397248220142387,0.003170794412546062,0.012255087374234057,0.20763330751366343,0.3958458115855224
0.46911927621861155,0.18802886656289797,0.6688273577400128,0.11917592904457168,0.00273790143554832,0.004919840529306981,0.010032682222391122,0.20897740767904865,0.389087510824181
0.45676473358661185,0.16286441963801887,0.7041445556525828,0.11659144053510251,0.004255626081938834,0.01737340469328942,0.015938651229230886,0.21113326163096788,0.3873206152788519
0.45808839911566607,0.15245883275456482,0.6809258988890806,0.12333480804207836,0.0012726694241170856,0.010582810492100688,0.009088222255061326,0.20510737728180986,0.3714909504308396
