Shopping,Community,Food,Entertainment,Travel,Outdoors,Nightlife,macro avg,weighted avg
0.4765798595680384,0.24704545454545454,0.6656685236768802,0.11362275449101797,0.0616876418403136,0.13631112822487484,0.09077053344623201,0.25595512797040165,0.40672962043929783
0.42724915042031836,0.2508836579679627,0.6988825235165146,0.11726384364820847,0.061287659925711925,0.12301661377636737,0.11331396342505555,0.2559853446685913,0.4042214716359067
0.407875852170793,0.26462353386303444,0.7093149819177698,0.11064530618356042,0.04409963250306247,0.146609172873383,0.08647334606702553,0.25280597508266117,0.40488256392456323
0.4120287253141831,0.26064030131826743,0.7040773137697517,0.1263014938886374,0.05391760904684976,0.1497507477567298,0.09821270571580251,0.25784698525860306,0.40639799424273376
0.4243134779275826,0.2511510128913444,0.7042681848721666,0.12053571428571429,0.054820415879017016,0.12075692547795552,0.09757797525701342,0.2533462437986848,0.40600461355639955
