Shopping,Community,Food,Entertainment,Travel,Outdoors,Nightlife,macro avg,weighted avg
0.46973602346458093,0.26136363636363635,0.652715877437326,0.11182634730538922,0.03239116979574995,0.14324220254139391,0.13310753598645217,0.2577689704135041,0.404374597922985
0.46087461992487927,0.26073550424907876,0.662741353702525,0.10586319218241043,0.03673132480396203,0.14149710658950906,0.13484874380447787,0.2576131207509775,0.40295341625646997
0.4649712952996053,0.25561861520998863,0.6610020715564763,0.11064530618356042,0.03082890975908534,0.15072520580164642,0.13127279041500262,0.2578663134607664,0.404790003471017
0.4570466786355476,0.2518267419962335,0.6649619074492099,0.10547759167043912,0.03210823909531502,0.14536390827517448,0.13024243496726243,0.25528964315559743,0.4027997028507754
0.4772962979663615,0.2604358502148557,0.6491742989497506,0.10163690476190476,0.033186305398025626,0.14728833398361296,0.12371493291514202,0.25610470345566483,0.40360463219703147
