Shopping,Community,Food,Entertainment,Travel,Outdoors,Nightlife,macro avg,weighted avg
0.44502710870144874,0.2653787878787879,0.6816504178272981,0.041916167664670656,0.0010315659170621002,0.13746630727762804,0.10414902624894158,0.23951705450226246,0.3987225438838342
0.44589518869611877,0.25757689704444614,0.6833934507390904,0.04042049156055671,0.0,0.1370169871196565,0.10835754571868057,0.23895150869693557,0.3961289727598649
0.4459095801937567,0.2564510026485055,0.6855447491309996,0.044617457703248986,0.0008166598611678236,0.14778518228145826,0.10696301441222435,0.2411553780330516,0.39949091750549576
0.4451077199281867,0.25649717514124293,0.680198927765237,0.040893315225592274,0.0006058158319870759,0.15154536390827517,0.10759157671208636,0.24034855635894395,0.39754155446188133
0.4494295892140506,0.2588244321669736,0.6817779978075604,0.036458333333333336,0.000630119722747322,0.14007023019898557,0.10890399024220247,0.2394420989551219,0.39857166157932755
