Shopping,Community,Food,Entertainment,Travel,Outdoors,Nightlife,macro avg,weighted avg
0.5271766859749693,0.12087573234659266,0.6109328066493849,0.12483386156834679,0.0,0.0,0.0,0.1976884409341848,0.3920731896900165
0.4891564952048823,0.09481953524144372,0.6662555106329519,0.1359254498714653,0.0,0.0,0.0028770442156268927,0.19843343359519575,0.3903001050951695
0.4836437670234132,0.0848086061935349,0.6758701193510732,0.12590678724038556,0.0,0.010327795240233499,0.00014923145799134458,0.19724375807237599,0.3813485318654587
0.47058168041007353,0.07617535248544344,0.7209169623142382,0.11702873160476523,0.0,0.008760591698980325,0.0037313432835820895,0.19959923739958327,0.3810401518287397
0.46341615099972017,0.09118482499638919,0.7050310130944176,0.10392879618807875,0.0,0.00012721027859051011,0.0,0.1948125707938852,0.3645623890031998
