Shopping,Community,Food,Entertainment,Travel,Outdoors,Nightlife,macro avg,weighted avg
0.5290583546487418,0.3468372093023256,0.5470429471092382,0.16671834625322998,0.14034074501876986,0.1430623384085033,0.14583333333333334,0.28841332486773463,0.41183040042190494
0.5048185535760245,0.3187218934911243,0.5974204305821196,0.1652715394038383,0.1103803259937089,0.13335249317430664,0.158497772119669,0.2840661440486844,0.41495952677459524
0.5266645446916867,0.36237576904874585,0.5525284989705218,0.16332665330661322,0.1416036717062635,0.14601331256196007,0.1464414358464787,0.29127912659032423,0.4120767097605749
0.48915727161852635,0.3332685864128587,0.6069036708797019,0.1826646189287771,0.1400896151818661,0.1498224528817263,0.1742378599831305,0.296592010840941,0.41488769550390026
0.5208944163417856,0.32214730820308507,0.5806086828260977,0.14761651603756867,0.14188366999269894,0.1708523592085236,0.14780023781212842,0.2902575986316983,0.40533161278139285
