Home,Work,Other,Shopping,Community,Food,Entertainment,Travel,Outdoors,Nightlife,accuracy,macro avg,weighted avg
0.5438990482301358,0.4974776427424902,0.4497304154773232,0.0,0.007666506947771921,0.2582337510929758,0.2596401028277635,0.3793964147946449,0.2913993978269407,0.18370883882149047,0.40778318594182034,0.28711521187615363,0.3435871394703185
0.5392183215956132,0.4967110540670624,0.450519584332534,0.21390100025647601,0.0109863864342011,0.32564841498559083,0.3099304237824162,0.4133753331717955,0.2893547061241266,0.2994152046783625,0.4172681779397182,0.3349060429428178,0.3756603257328449
0.5388463971476221,0.49509409683126904,0.4428919577579204,0.25403632694248235,0.027911453320500476,0.32792712730504336,0.32914738929279574,0.3942098914354644,0.3281748956030459,0.31543624161073824,0.4211249243376635,0.3453675777246882,0.38634019079120197
0.5449784518029568,0.4987862867023576,0.44966337873806167,0.1344922232387923,0.22879227053140097,0.3301699404105054,0.32051282051282054,0.4213426853707415,0.33989957512553104,0.31005586592178774,0.42858150193912325,0.35786934983549556,0.39548134671937624
0.5513812154696133,0.48747546655134555,0.4566982408660351,0.14683315781555586,0.19770303527481542,0.3250270855904659,0.33712374581939797,0.40498588899341487,0.3327519119817523,0.3136818687430478,0.4241726960028466,0.3553661617105444,0.3916616874492693
