Home,Work,Other,Shopping,Community,Food,Entertainment,Travel,Outdoors,Nightlife,accuracy,macro avg,weighted avg
0.5088297072323212,0.4323703726688802,0.6468685680682151,0.34487362050551795,0.27954765751211624,0.07906215921483098,0.0,0.28076639646278556,0.029155395250976854,0.15876185721417874,0.39889073436943884,0.2760235734129823,0.37536922876855533
0.5403912426515305,0.36457524722400353,0.5697847067557537,0.39970398388356704,0.30864375089889257,0.1962588163140141,0.09225957779515245,0.3288477712363331,0.08486997635933806,0.0,0.40529695024077045,0.2885335073118585,0.378066380863179
0.5673942277852487,0.4167121791370836,0.6551866364198803,0.3997724587581499,0.39251904871854076,0.08683666436940041,0.0,0.18848580441640378,0.10905125408942204,0.0,0.4321589317118245,0.2815958273694129,0.40290866407918713
0.5297216699801193,0.3991180439003521,0.6348291477974475,0.3667178997216799,0.29651419326371525,0.14308733483725428,0.21599999999999997,0.28392791467451267,0.057919015889287544,0.0,0.4062784961506839,0.29278352200643687,0.37651377989431806
0.563825540860587,0.45105320832826007,0.629817220876459,0.36049799535767035,0.27087316762268965,0.17074527252502783,0.2348367029548989,0.35653923541247484,0.03647878404053198,0.2992261392949269,0.423358430572637,0.33738932672735267,0.39997346106546044
