home F-score,work F-score,other F-score,displacement F-score,amenity F-score,leisure F-score,office F-score,shop F-score,sport F-score,tourism F-score,accuracy,macro_avg_fscore,weighted_avg_fscore
0.26686507936507936,0.15750371471025257,0.13824884792626727,0.7302800967465086,0.0,0.03478260869565218,0.0,0.008810572687224669,0.0,0.075,0.5903246266505219,0.14114909201309847,0.49836004420442453
0.3131831362926612,0.1504854368932039,0.19461077844311378,0.721490963249205,0.0,0.04316546762589928,0.0,0.00881057268722467,0.0,0.025974025974025976,0.5837301126466148,0.16196893124059264,0.5034172986419715
0.30600838379133677,0.1482362267142291,0.10486486486486486,0.7249398556535686,0.0,0.030651340996168584,0.0,0.0,0.0,0.023255813953488372,0.5834307081093714,0.1486618317748507,0.4957138752415497
0.25590955806783144,0.12029459901800327,0.07217694994179279,0.7251323378367702,,0.023076923076923078,0.037037037037037035,0.0,0.0,0.020833333333333332,0.5814910630291628,0.12544607383116912,0.47741281917750067
0.2819447837771806,0.08392226148409893,0.1055127445168939,0.7313753581661891,,0.04477611940298507,0.0,0.0,0.0,0.1891891891891892,0.5900852878464818,0.14367204565365368,0.49222023940710075
