home F-score,work F-score,other F-score,displacement F-score,amenity F-score,leisure F-score,office F-score,shop F-score,sport F-score,tourism F-score,accuracy,macro_avg_fscore,weighted_avg_fscore
0.30618892508143325,0.19057665260196907,0.15073115860517436,0.7278073591353413,0.0,0.03404255319148936,0.0,0.034334763948497854,0.0,0.025974025974025976,0.5898633454419651,0.1632950487264368,0.5094220751327139
0.2366981601193436,0.09694323144104804,0.11758118701007837,0.7243230625583568,0.0,0.04316546762589928,0.0,0.0,0.0,0.025,0.5811171757054929,0.13819012319496954,0.47721186953534117
0.2538403424830018,0.162015503875969,0.10043668122270742,0.7262640672055795,,0.0078125,0.0,0.0,0.0,0.025641025641025644,0.5825543351250292,0.1276010120428283,0.4881964884714976
0.28090165964825364,0.11536876802637003,0.17506361323155215,0.7243342957972411,,0.007662835249042145,0.0,0.0,0.0,0.020202020202020204,0.5827845719661335,0.14705924357271993,0.489981114561404
0.3007340753019181,0.10327022375215146,0.09791044776119402,0.7302528754057629,,0.022813688212927757,0.0,0.0,0.0,0.15584415584415584,0.589729921819474,0.141082546627811,0.49623248821928184
