Home,Work,Other,Shopping,Community,Food,Entertainment,Travel,Outdoors,Nightlife,macro avg,weighted avg
0.4787274096385542,0.3864618125139167,0.5026586316908898,0.0,0.38095238095238093,0.2847043701799486,0.23681125439624853,0.29333333333333333,0.4576480263157895,0.4274193548387097,0.3448716573859771,0.35948706716665463
0.4717779868297272,0.4078836424957841,0.496476391825229,0.4711864406779661,0.5609756097560976,0.2580750407830343,0.27435610302351626,0.3372874654013444,0.48418156808803303,0.2909090909090909,0.4053109339789823,0.44701824319444156
0.49587214225232856,0.40117824930921225,0.5089619118745332,0.4945972495088409,0.725,0.27445146894756417,0.3066502463054187,0.32178022843639226,0.43574690150032613,0.33176470588235296,0.4296003104016969,0.4644217063238082
0.48195677344654575,0.4142273279575831,0.4857916102841678,0.5719844357976653,0.5034013605442177,0.2646850672328379,0.2962085308056872,0.3488179178763998,0.47294876388391255,0.37,0.42100217878290175,0.4585474805104529
0.489503629586031,0.40220672997749357,0.5304518664047151,0.5213675213675214,0.5005192107995846,0.257201646090535,0.31072749691738594,0.3213885778275476,0.5104981473857555,0.3032258064516129,0.4147090632808183,0.4556340969261544
