Home,Work,Other,Shopping,Community,Food,Entertainment,Travel,Outdoors,Nightlife,macro avg,weighted avg
0.4326982446855429,0.44645946811919257,0.6348595613697576,0.31806615776081426,0.30434782608695654,0.11408339889850512,0.0,0.3597733711048159,0.1779816513761468,0.10728744939271255,0.2895557128794445,0.37526839786995475
0.45370606756871756,0.35270685038855876,0.5303161167731906,0.3948501340264804,0.33736833831158625,0.3878787878787879,0.08489208633093526,0.3953488372093023,0.35685884691848907,0.0,0.3293926065406048,0.3927842132309837
0.49664976457805143,0.36030221942389423,0.6515586546349467,0.3915316705236993,0.43118025025363543,0.2346368715083799,0.0,0.46588693957115007,0.33783783783783783,0.0,0.3369584208331595,0.41598089642005465
0.44674519009095864,0.37543338286280337,0.6161838161838162,0.36006199526878213,0.30939226519337015,0.6809815950920245,0.16981132075471697,0.4288888888888889,0.3237822349570201,0.0,0.3711280689292381,0.4042887167557773
0.5221805993690851,0.4054394221298019,0.6081224750159473,0.3469255137681748,0.2984550561797753,0.262617621899059,0.21237693389592124,0.44883485309017224,0.12,0.2606741573033708,0.34856266326513075,0.3913319926306396
