Home,Work,Other,Shopping,Community,Food,Entertainment,Travel,Outdoors,Nightlife,macro avg,weighted avg
0.6174712064950595,0.41914330405486705,0.6593406593406593,0.3766158032850617,0.25848470363288717,0.06049228201919066,0.0,0.23021148036253777,0.015878212473399902,0.30518234165067176,0.29428199933143345,0.39889073436943884
0.6680240571356972,0.3772701872031294,0.6156005614597955,0.40467865467865466,0.28442677269715044,0.13136288998357964,0.10102739726027397,0.2814974802015839,0.04816206063858331,0.0,0.2912050061258448,0.40529695024077045
0.6616405307599518,0.4940643211741852,0.6588552467855662,0.40836760236009295,0.36022037010877245,0.053276955602537,0.0,0.11814137419673752,0.06501950585175553,0.0,0.2819585906839599,0.4321589317118245
0.6505524018799975,0.425992272567615,0.6546380810868181,0.3736245132893178,0.2846653487715335,0.0799423838674829,0.2967032967032967,0.21220450797141285,0.03180410920349001,0.0,0.3010126915340964,0.4062784961506839
0.6126886819732809,0.5082315818356428,0.6531171500342544,0.3751756851721715,0.24795799299883314,0.12649361351462712,0.26260869565217393,0.29572763684913217,0.021508588498879763,0.3511604439959637,0.34546700705249594,0.423358430572637
