Home,Work,Other,Shopping,Community,Food,Entertainment,Travel,Outdoors,Nightlife,macro avg,weighted avg
0.6296112899232483,0.6979811791200836,0.4068866571018651,0.0,0.003872216844143272,0.23626666666666668,0.28733997155049784,0.5369299935773925,0.2137507201843672,0.11699779249448124,0.3129636487462745,0.40778318594182034
0.6291556893739807,0.6349987693822299,0.41235001463271875,0.13835434638354346,0.005547515677761698,0.4411600669269381,0.3561046511627907,0.5337922403003754,0.2063305978898007,0.30843373493975906,0.36662276266698984,0.4172681779397182
0.589976073542375,0.6464213709677419,0.3920046016681047,0.17090970807875086,0.01422963689892051,0.40728476821192056,0.35520684736091296,0.5087173100871731,0.2631993695823483,0.3006396588486141,0.3648589345246862,0.4211249243376635
0.6269612150119241,0.6267234895963901,0.4185368697172836,0.07620528771384137,0.14803700925231308,0.43870967741935485,0.34916201117318435,0.5319418089816572,0.2652733118971061,0.2668269230769231,0.37483776038399774,0.42858150193912325
0.6311662028838857,0.6186254643701452,0.40095040095040096,0.08544913325161968,0.12317914643496039,0.44143613890523836,0.3684210526315789,0.547361729179911,0.24681528662420382,0.3248847926267281,0.3788289347858672,0.4241726960028466
