Shopping,Community,Food,Entertainment,Travel,Outdoors,Nightlife,accuracy,macro avg,weighted avg
0.42641295796601697,0.2723597582104493,0.5040871057219479,0.21838899803536346,0.010901967464440849,0.004642294619912128,0.03838964773544212,0.4012806556957162,0.21074038996479613,0.35364846015462725
0.4451445046058645,0.24619985992011664,0.4834101185703238,0.20166329124833027,0.0,0.0,0.05228940929744844,0.3927911354496449,0.20410102623458334,0.34348623719911503
0.44122262061131035,0.2623893886374879,0.48555699041663836,0.2048006509357201,0.05133928571428571,0.019513808500082684,0.045441676104190254,0.39252124111559794,0.21575206013138795,0.34443025393448445
0.4130328623463956,0.2655702808487262,0.4847319818991207,0.19195523477414644,0.0,0.0,0.04734394814710441,0.3821302741256338,0.20037632971649907,0.3280555423671605
0.40171777538290715,0.25602229041018587,0.49556308221333845,0.20291607396870553,0.02299418964025219,0.031145878603505723,0.03586690017513135,0.37945319329431876,0.20660374148486085,0.3242851015323407
