Shopping,Community,Food,Entertainment,Travel,Outdoors,Nightlife,accuracy,macro avg,weighted avg
0.4411311053984576,0.23473659268620173,0.4969410882568464,0.22517692472657092,0.009284456539138786,0.0,0.010297146219476317,0.3992242639057302,0.20250961626095595,0.3496839134098906
0.4359933552289529,0.1878548599360782,0.48277961458130747,0.20141595736218282,0.0,0.0,0.016777041942604858,0.3858082597018411,0.18926011843587515,0.3312369766487663
0.44351655603924206,0.2477116898030871,0.47412285762468154,0.2139022711631108,0.0,0.010941889693922817,0.009096244131455399,0.38571473124483463,0.19989878692221427,0.3356729237676657
0.42338128518206286,0.21477359810748678,0.47817389682822226,0.1793301580101308,0.0,0.0,0.02705814622913068,0.3770648005685768,0.18895958347957617,0.3194907687713941
0.4206993526477767,0.2333803417401856,0.4838304751067884,0.1861502197872205,0.0,0.0,0.017274191187234663,0.3733638973861476,0.19161922578131513,0.3146563384953378
