Shopping,Community,Food,Entertainment,Travel,Outdoors,Nightlife,accuracy,macro avg,weighted avg
0.38608738705285306,0.3531056986365225,0.5049290935215843,0.1839700023435669,0.07306967984934086,0.1984663960306721,0.1801292407108239,0.40043424317617865,0.2685367854493376,0.36218963276204863
0.37016149705203794,0.34439782310664285,0.5034716733343872,0.18899082568807338,0.0859375,0.20551882724920956,0.17438921651221567,0.39722411149665116,0.26755248042036667,0.3563135829199263
0.3908448206559005,0.3169360194819571,0.5081200942409696,0.19095824226389047,0.06882363942397605,0.2507329331285774,0.19033477321814257,0.400624783061437,0.2738215032019163,0.36286289127200644
0.419322048879657,0.3381258023106547,0.4985450255603618,0.1973668880344868,0.06784771956275915,0.21912887292321506,0.16070381231671554,0.4035077537375801,0.27157716708397855,0.3669893288001566
0.40831323917786194,0.30916565448939554,0.5023523327825637,0.19834518121431072,0.04598612487611497,0.20023767082590613,0.1678914641040136,0.4001677656872568,0.2617559524957381,0.35920495496834876
