Shopping,Community,Food,Entertainment,Travel,Outdoors,Nightlife,accuracy,macro avg,weighted avg
0.47210472837259865,0.3474692955884783,0.45414605606084785,0.24176306926343538,0.21459750279159476,0.2022596366858662,0.18258859784283515,0.4048658668052335,0.3021326980865223,0.3817544570592867
0.3708476366517032,0.36363636363636365,0.4994227793379566,0.23720099964298463,0.14960350337318024,0.15920278544843317,0.14098292378175759,0.4008950809464508,0.2744138559817685,0.36272345828290936
0.46480726559678004,0.32702484527760334,0.4792671923423954,0.2315476611704763,0.20480225988700562,0.17834111629975538,0.16809060202662426,0.40789751201031127,0.29341156322866296,0.37887114270621675
0.42916933980997773,0.37003099312761084,0.4904902473656677,0.20972940559178474,0.17228786251342643,0.2220975883342681,0.2371932136386098,0.4076280820038415,0.3044283786259065,0.3811349759140444
0.44961327048687355,0.3395268792112709,0.47674384539515446,0.18840264170113943,0.19786938397406206,0.23889137237371483,0.14609375000000002,0.3993437772934354,0.2910201633060307,0.36870715699235757
