Shopping,Community,Food,Entertainment,Travel,Outdoors,Nightlife,accuracy,macro avg,weighted avg
0.42928050229085357,0.3291116974494283,0.4989499452425434,0.10730059755780723,0.0,0.21401804302567662,0.1264787498174383,0.40025043654075915,0.24359136219767819,0.35508020196995427
0.43922214219569916,0.32439702322245134,0.49326763458143397,0.1277610441767068,0.0,0.20360970107163,0.14384672070744287,0.40034813884053627,0.247443466565052,0.3559797549242831
0.43319180819180825,0.3251702521084202,0.5012619162819892,0.11494252873563218,0.0,0.21829339567504383,0.13048032320814007,0.402707393266227,0.2461914606001477,0.3571084150202442
0.43033472803347284,0.3210313677425212,0.49735048214682903,0.10609869030295013,0.0,0.21406816533720083,0.13825301204819276,0.39958445538118675,0.24387663508730956,0.35412254687160705
0.4317262561373911,0.32530927604841225,0.5007480647889156,0.10890704006223259,0.0,0.20494291082526375,0.1435307987032125,0.40174056900528926,0.24502347808077538,0.35627599920607006
