Shopping,Community,Food,Entertainment,Travel,Outdoors,Nightlife,accuracy,macro avg,weighted avg
0.44173707195624673,0.3363075994654942,0.4951475697911258,0.11843117149448858,0.0,0.2137169995809471,0.1340028694404591,0.4022493337009466,0.24847761167553736,0.3594834961855259
0.4375832778147901,0.33511030208468773,0.4928877372957538,0.13066332916145182,0.0,0.20293951384963255,0.1475193911898141,0.4007170276781906,0.24952907877087574,0.3575078862187732
0.43439008154435016,0.3289136590408558,0.5006392092257002,0.13048933500627352,0.0,0.22620927228362273,0.1437985063698931,0.4037024181418489,0.2520628662100993,0.3603407862336812
0.4325987317134426,0.3308600781490099,0.4960523526918186,0.11773899452982547,0.0,0.22587968217934165,0.13404255319148933,0.40062912062401335,0.24816748463641822,0.35710210992763614
0.4450360419397117,0.3204127288499292,0.4987821125301107,0.12425661141338733,0.0,0.21324041811846686,0.14620486366986,0.4037910385162057,0.2497046823602094,0.36019976779927315
