Shopping,Community,Food,Entertainment,Travel,Outdoors,Nightlife,macro avg,weighted avg
0.37886098306983157,0.3263423739980235,0.424122985630345,0.374287072243346,0.5272727272727272,0.0,0.35,0.34012659174489623,0.3715442209193414
0.4078045308978769,0.2976644423260248,0.3832738111221503,0.3913446676970634,0.0,0.0,0.29842931937172773,0.2540738244878347,0.3331143868716951
0.4116524525279178,0.35064065786957355,0.3778327910595558,0.3478844862323707,0.0,0.45121951219512196,0.26956521739130435,0.31554215961083487,0.35755081466695837
0.41351925630810094,0.34911178509532065,0.3631599953650655,0.3662754786905497,0.0,0.0,0.3790322580645161,0.26729982478907904,0.335325260657716
0.3668478889531521,0.36604938271604937,0.382112545467513,0.3194140795802361,0.0,0.0,0.30256410256410254,0.24814114275443616,0.316743204674422
