Shopping,Community,Food,Entertainment,Travel,Outdoors,Nightlife,macro avg,weighted avg
0.39209800421872465,0.37828877005347594,0.4142154083414601,0.33389402859545836,0.64,0.4375,0.3205282112845138,0.416646346070519,0.4045681017970278
0.41411432234767703,0.3463463996591393,0.38880790102350005,0.3642590286425903,0.0,0.0,0.3443830570902394,0.26541581553759225,0.34526371170041437
0.40963442447892634,0.37203865336658354,0.386732555351909,0.37200709429500445,0.44768856447688565,0.38688524590163936,0.3305870236869207,0.38651050879398136,0.3901352607733164
0.4214025515788098,0.3623969265367316,0.36851195345877646,0.37733142037302725,0.0,0.0,0.3762597984322508,0.27227180719708516,0.34197564586652796
0.38359709986746704,0.3456995904371845,0.3835235948520323,0.36685097081136686,0.4017278617710583,0.37261698440207974,0.34547908232118757,0.37135645492319663,0.3746587646947192
