Shopping,Community,Food,Entertainment,Travel,Outdoors,Nightlife,macro avg,weighted avg
0.40841509433962264,0.39013901390139016,0.40082332909455354,0.4117647058823529,0.0,0.3893129770992366,0.4384976525821596,0.34842182469990224,0.38155553171548257
0.40942028985507245,0.3954582651391162,0.3935734493096314,0.4223300970873786,0.0,0.4176847004072135,0.5132382892057027,0.36452929871487355,0.3877605630097131
0.4050667287399131,0.40502545937569184,0.40074692999113815,0.4027885360185902,0.0,0.4225201072386059,0.4588785046728972,0.356432323719548,0.3851215558292632
0.40527822438335753,0.3965480951378657,0.3972123217922607,0.4300666032350143,0.0,0.3915395966551894,0.4747039827771798,0.3564784034258382,0.38364417788569743
0.4076533483398987,0.3955585616052305,0.40260699543775796,0.4150464919695689,0.0,0.3733528550512445,0.47418738049713194,0.3526293761286904,0.3845218822687848
