Shopping,Community,Food,Entertainment,Travel,Outdoors,Nightlife,macro avg,weighted avg
0.39162223616120434,0.4258809234507898,0.4123476345934669,0.4145116746171228,0.36136752136752137,0.4419167473378509,0.40033783783783783,0.4068549393379706,0.4074738168928655
0.4823685656713684,0.4145159335999031,0.37488783725646857,0.3946305535756712,0.4343642611683849,0.48394160583941603,0.38707833047455686,0.42454101251225274,0.42205219268062283
0.41937286123332634,0.4440204595274823,0.3932215391547845,0.39412189833774997,0.4053514376996805,0.4148991205380238,0.41985111662531016,0.4129769190166225,0.41230874558072106
0.44108135263273573,0.41575823643410853,0.38991534234368036,0.4786178583646938,0.4657375145180023,0.3518957345971564,0.3747072599531616,0.41681618554907696,0.41615563473972966
0.397256549678695,0.3957837470248215,0.39546375050627786,0.520657841957481,0.41443538998835855,0.4047258406543472,0.4087431693989071,0.41958089845841257,0.40974847311252666
