Shopping,Community,Food,Entertainment,Travel,Outdoors,Nightlife,macro avg,weighted avg
0.4358128877214553,0.3623535039464243,0.39376400662574296,0.42340884573894283,0.4190064794816415,0.4529855868222375,0.4392646093237032,0.41808513138002107,0.4101712879501786
0.43373783491529494,0.3847224800445517,0.38366166904501564,0.41912512716174977,0.4358490566037736,0.4465958775765147,0.4885916601101495,0.4274691007795786,0.41337466415077445
0.4133119967995199,0.38196371398078977,0.3962468068382786,0.41211519364448856,0.40979955456570155,0.435710819990296,0.4275318374772589,0.410954274756619,0.404873633214111
0.4129885958039523,0.3913818722139673,0.3966999040427219,0.4330265848670757,0.5084745762711864,0.43937575030012005,0.46877673224978617,0.43581771653554424,0.4165240032602771
0.41604268064395356,0.39515165989968953,0.3904399654929025,0.4572810317033853,0.4084507042253521,0.41967621419676215,0.4442782348541511,0.41876007014517086,0.4093480688805337
