Shopping,Community,Food,Entertainment,Travel,Outdoors,Nightlife,macro avg,weighted avg
0.41064037009982957,0.3922431865828092,0.39601186215359446,0.4056974459724951,0.0,0.38339134758826454,0.4596602972399151,0.34966350137670116,0.38147904610791855
0.40684686058480424,0.4015984015984016,0.39307911977154375,0.41927512355848434,0.0,0.4161383285302594,0.5224839400428265,0.3656316820123314,0.3881674205299711
0.40412395153774466,0.40243357892386694,0.3993748697645343,0.4182330827067669,0.0,0.4288174512055109,0.47186147186147187,0.36069205799998505,0.3864602411966607
0.40301724137931033,0.4039296321681517,0.39532416748133203,0.4302575107296137,0.0,0.3925531914893617,0.4641051567239636,0.3555981285673905,0.3829539630068413
0.414865314266711,0.3891441393311251,0.3961017577079817,0.4229607250755287,0.0,0.3954266592303402,0.46513849092645654,0.3548052980768776,0.3846009626911166
