Shopping,Community,Food,Entertainment,Travel,Outdoors,Nightlife,macro avg,weighted avg
0.5278969957081545,0.18328707986432316,0.5999465086614821,0.16102647991002966,0.004683462532299742,0.0,0.005225440429979098,0.21172370958660977,0.3992242639057302
0.4683685701830863,0.137230126902159,0.6520706274697915,0.13560411311053985,0.0,0.0,0.008631132646880679,0.20027208147320819,0.3858082597018411
0.4807274328005062,0.19149825056138703,0.6362770088381733,0.15442710921196462,0.0,0.005538093099835354,0.0046261751977316815,0.21044200995851403,0.38571473124483463
0.43372520615110316,0.15509359511091864,0.6998040042672489,0.11873060366403043,0.0,0.0,0.014029850746268656,0.20305475141993853,0.3770648005685768
0.4930812525265089,0.17129651918540273,0.6593482327458895,0.13134945608199228,0.0,0.0,0.00889089813140446,0.20913805123874257,0.3733638973861476
