Shopping,Community,Food,Entertainment,Travel,Outdoors,Nightlife,macro avg,weighted avg
0.48097946849168965,0.29553030303030303,0.6475278551532033,0.06916167664670658,0.0,0.14728532922603005,0.07908552074513124,0.24565287904186625,0.4022493337009466
0.4699069933822214,0.29074227269308867,0.6592403988966687,0.07728753331359195,0.0,0.1340302408064215,0.08613912151768928,0.24533522294424023,0.4007170276781906
0.4682902762827413,0.27688233068482787,0.6668656297180576,0.07785596646204522,0.0,0.15444923559388474,0.08525785726688662,0.2470858994297776,0.4037024181418489
0.4638689407540395,0.2838418079096045,0.6603766930022573,0.06820582465670741,0.0,0.15872382851445663,0.07803928508228632,0.2447223399884788,0.40062912062401335
0.4899670830139334,0.26926028238182936,0.6553272746561052,0.0730654761904762,0.0,0.14923917284432306,0.08642620665621188,0.24618364224898268,0.4037910385162057
