Shopping,Community,Food,Entertainment,Travel,Outdoors,Nightlife,macro avg,weighted avg
0.5942240199869133,0.2934418604651163,0.5053743074956201,0.17064599483204135,0.15261334103378574,0.13114047687446137,0.11826347305389222,0.28081478196311865,0.4048658668052335
0.3012096428265035,0.32388165680473374,0.7478544455887401,0.16955900367496937,0.09036316843008292,0.0952723092398333,0.08618714194780394,0.25918962407323815,0.4008950809464508
0.5212824445151769,0.25882631329862754,0.6135188068096219,0.16392785571142285,0.13701403887688984,0.11358164565925506,0.10508011427151906,0.27331874559178754,0.40789751201031127
0.41788380878722076,0.33336570679357064,0.660984943854172,0.13428681128815512,0.10569319978914075,0.162250751160885,0.17351488131100132,0.28399715756916366,0.4076280820038415
0.5178657731095144,0.29727244866687097,0.6000786666011112,0.11500974658869395,0.12995862740326114,0.16945712836123794,0.08894173602853746,0.27408344667988954,0.3993437772934354
