Shopping,Community,Food,Entertainment,Travel,Outdoors,Nightlife,macro avg,weighted avg
0.4496933605901698,0.2834848484848485,0.674199164345404,0.061826347305389225,0.0,0.14844050827878322,0.0733276883996613,0.24156741677203655,0.40025043654075915
0.47719549275621537,0.27209144919906747,0.6619987269255252,0.07536274800118448,0.0,0.13477692738473027,0.08340454623141344,0.24354712721401947,0.40034813884053627
0.4667653390742734,0.2727960650775634,0.6729398546399354,0.06662674053001946,0.0,0.14641317130537043,0.07570758812293801,0.24303553696430003,0.402707393266227
0.46162477558348297,0.2663653483992467,0.6703583521444695,0.0605100347065037,0.0,0.14715852442671984,0.08122456202442045,0.24103451389783473,0.39958445538118675
0.4500157821166073,0.2794659300184162,0.68054033028042,0.0625,0.0,0.13831447522434648,0.08485798919672417,0.24224207240521634,0.40174056900528926
