Shopping,Community,Food,Entertainment,Travel,Outdoors,Nightlife,macro avg,weighted avg
0.46731020256877187,0.21277747698971305,0.6437635116082339,0.16225842237402932,0.005497809466540675,0.002333527793982832,0.02041752695572379,0.21633692539385652,0.4012806556957162
0.4812016358301534,0.19097823852456608,0.6388512666165036,0.139426800929512,0.0,0.0,0.028292609123231713,0.21125007871770954,0.3927911354496449
0.47808961102904973,0.20266025187491157,0.65222438146414,0.1412933647692826,0.0272310196832914,0.01000933073203834,0.024397659040814774,0.2194150883705041,0.39252124111559794
0.4049891676347766,0.20957515985694158,0.7080271377712097,0.12871825547881885,0.0,0.0,0.02526125855198857,0.21093871132767644,0.3821302741256338
0.42163533222505956,0.20328777864904224,0.7000783085356304,0.1402448016516738,0.011835825644288896,0.016252173255726057,0.01891532436825772,0.21603564918995413,0.37945319329431876
