Shopping,Community,Food,Entertainment,Travel,Outdoors,Nightlife,macro avg,weighted avg
0.34654697360234643,0.3443181818181818,0.7035515320334261,0.11751497005988024,0.04002475758200949,0.12706969580284944,0.11329381879762913,0.2560457042423318,0.40043424317617865
0.32284027901985335,0.31172444912386255,0.7320885494023622,0.12200177672490375,0.04766817994222039,0.13347022587268995,0.10613570329858144,0.2537041661977819,0.39722411149665116
0.37069429494079653,0.27082860385925084,0.7080158702292757,0.12427010031441832,0.037566353613719884,0.1760094080752646,0.12241708629970481,0.2585431024760615,0.400624783061437
0.4258527827648115,0.2976271186440678,0.6707463318284425,0.12781047231024598,0.036348949919224556,0.14596211365902292,0.09697398690497257,0.2573316794329697,0.4035077537375801
0.4008657618253145,0.2539134438305709,0.7041974610134729,0.12663690476190476,0.024364629279563118,0.1314865392118611,0.10350235232618923,0.24928101317841095,0.4001677656872568
