home,work,other,displacement,amenity,leisure,shop,tourism,accuracy,macro avg,weighted avg
0.3087900183047555,0.20813199764289925,0.11617109552504198,0.7140041919962119,0.050668543279380716,0.04177109440267334,0.0,0.031152647975077878,0.5745158630009042,0.18383619864075507,0.49185793698414465
0.28998352811985256,0.15798421372191865,0.1585090361445783,0.7132534134845656,0.019984627209838585,0.05782312925170068,0.0,0.05232558139534885,0.571907890795071,0.1812329411659754,0.48430564730518133
