home,work,other,displacement,amenity,leisure,shop,tourism,macro avg,weighted avg
0.5670187954451914,0.4709333333333333,0.4696485623003195,0.5814544299777707,0.3956043956043956,0.3968253968253968,0.0,0.19230769230769232,0.3842240757242624,0.5435383299316143
0.5691194581280788,0.48078344419807834,0.44644750795334043,0.5777258006477151,0.5652173913043478,0.4358974358974359,0.0,0.36,0.42939887976612456,0.5442324835893153
