home,work,other,displacement,amenity,leisure,shop,tourism,macro avg,weighted avg
0.21216632443531827,0.1335854765506808,0.06628339533310788,0.924830883016145,0.02706766917293233,0.02204585537918871,0.0,0.01694915254237288,0.17536609455371824,0.5745158630009042
0.19455846752973371,0.09452194129613485,0.09636072327763791,0.9318556944116954,0.010172143974960876,0.030965391621129327,0.0,0.02821316614420063,0.17333094103193658,0.571907890795071
