Home,Work,Other,Shopping,Community,Food,Entertainment,Travel,Outdoors,Nightlife,accuracy,macro avg,weighted avg
0.478642480983031,0.4341870160810006,0.6049543676662321,0.3614357262103506,0.34782608695652173,0.0,0.15584415584415584,0.0,0.0,0.07547169811320754,0.39056925701876843,0.2458361531854499,0.3600653698210448
0.4930475086906141,0.38614173228346454,0.5421686746987953,0.38125750901081296,0.23616236162361626,0.0,0.21621621621621623,0.4175084175084175,0.08239700374531836,0.08383233532934131,0.37575757575757573,0.2838731759106597,0.3488232291403498
0.549404761904762,0.4218600191754554,0.6,0.4110218140068886,0.33921074727120065,0.03755868544600939,0.19047619047619047,0.20905923344947733,0.0905511811023622,0.08383233532934131,0.4114713216957606,0.2932974968161687,0.3844841588689171
0.4921030756442228,0.39131909121736186,0.6141732283464567,0.38836418587079713,0.25676855895196504,0.07272727272727274,0.3243243243243243,0.11307420494699648,0.06493506493506493,0.1530054644808743,0.3813691778680838,0.28707944714453365,0.35220839086579964
0.5323396326856534,0.43249097472924186,0.5576407506702412,0.3364485981308411,0.24834437086092714,0.028436018957345974,0.0,0.40331491712707185,0.1162280701754386,0.11715481171548117,0.39422926140818565,0.2772398145052243,0.3748156932587453
