Home,Work,Other,Shopping,Community,Food,Entertainment,Travel,Outdoors,Nightlife,accuracy,macro avg,weighted avg
0.5481528934443732,0.5054196345617838,0.4686795853988283,0.3678557729190641,0.2840447979224152,0.05765407554671968,0.2765957446808511,0.2832751261156383,0.3693116853418705,0.2937219730941704,0.44130618587326614,0.3454711289025715,0.42197606140380023
0.5428798908098272,0.5209021488190374,0.44986449864498645,0.36705202312138724,0.348942377826404,0.1777032690695725,0.3048780487804878,0.32749902761571376,0.34917953667953666,0.3049907578558225,0.4465788806125037,0.36938915792227756,0.43443620426822305
0.5351995729790642,0.5020371208691715,0.46794313896141576,0.3761527713088029,0.36146971201588873,0.19575856443719414,0.3415069103878734,0.34912891986062716,0.35481586402266285,0.3245614035087719,0.44221725566885506,0.3808573978351472,0.43420932153031966
0.547965701789722,0.5258952775003567,0.45952836201402164,0.3673965936739659,0.3391550977757874,0.21354383049439132,0.33105802047781574,0.31767719897523483,0.3678077203204662,0.318513603185136,0.4535198025619932,0.3788541406206898,0.44151296194962425
0.5558671752299753,0.5103260869565217,0.4603326935380679,0.3561443772167745,0.3410690223087289,0.2240631163708087,0.3318928262748488,0.3608210298883688,0.39742021572334035,0.3139974779319042,0.4511445854584272,0.38519340214393394,0.44278627304281504
