Home,Work,Other,Shopping,Community,Food,Entertainment,Travel,Outdoors,Nightlife,macro avg,weighted avg
0.42383419689119173,0.42857142857142855,0.6089238845144357,0.31791483113069013,0.32395950506186727,0.0,0.13953488372093023,0.0,0.0,0.06521739130434782,0.23079561211948912,0.33611161387025335
0.4317605276509386,0.3514908256880734,0.4912663755458515,0.3554891710231516,0.3054892601431981,0.0,0.36363636363636365,0.484375,0.1888412017167382,0.06862745098039216,0.30409761763847076,0.3437987291164886
0.49891891891891893,0.3880070546737213,0.6100278551532033,0.35562913907284766,0.3531468531468531,0.13793103448275862,0.2608695652173913,0.4411764705882353,0.2100456621004566,0.11290322580645161,0.3368655779160838,0.384467981986209
0.41631504922644164,0.3841544607190413,0.5707317073170731,0.3562023562023562,0.29051383399209485,0.6666666666666666,0.42857142857142855,0.2222222222222222,0.16759776536312848,0.12389380530973451,0.3626869295590188,0.3633258515035839
0.47573739295908657,0.452416918429003,0.5239294710327456,0.3101123595505618,0.24,0.09375,0.0,0.35960591133004927,0.2774869109947644,0.10606060606060606,0.28390995703568167,0.3761758333412538
