Home,Work,Other,Shopping,Community,Food,Entertainment,Travel,Outdoors,Nightlife,macro avg,weighted avg
0.48188473812652527,0.44166466201587684,0.4918032786885246,0.4178649237472767,0.43124691966485956,0.4233576642335766,0.20090148100450742,0.35784313725490197,0.4563435998869737,0.2984054669703872,0.400131587159341,0.44155238015561454
0.4965151357536669,0.4592884880370788,0.49404761904761907,0.4028548770816812,0.4414913252122554,0.357504215851602,0.21162528216704288,0.43268242548818087,0.4564668769716088,0.24737631184407796,0.3999852557454814,0.44784426562459884
0.5058295964125561,0.45562859490550534,0.4720515071700322,0.4168903572166013,0.42852337706020854,0.375,0.248378728923476,0.3963607594936709,0.44257950530035334,0.21845018450184503,0.3959692610984249,0.44522171516210873
0.5059511158342189,0.4587715477005414,0.5068541300527241,0.4444444444444444,0.42074074074074075,0.3660968660968661,0.23832923832923833,0.4888304862023653,0.46443899448191295,0.21998166819431714,0.411443923207737,0.4579816921883273
0.4993952832090304,0.4723340040241449,0.49878682842287697,0.44051612903225806,0.41178597252349963,0.3397129186602871,0.23558282208588957,0.4161129568106312,0.4502393550012598,0.21614583333333334,0.3980612103103211,0.4530359582200633
