Home,Work,Other,Shopping,Community,Food,Entertainment,Travel,Outdoors,Nightlife,macro avg,weighted avg
0.5497311827956989,0.43995171997585997,0.6010362694300518,0.41876208897485495,0.3754889178617992,0.0,0.17647058823529413,0.0,0.0,0.08955223880597014,0.26509930060795284,0.39056925701876843
0.574611748818366,0.4283717679944095,0.6048387096774194,0.4110535405872193,0.1924812030075188,0.0,0.15384615384615385,0.3668639053254438,0.05269461077844311,0.1076923076923077,0.28924539477272815,0.37575757575757573
0.6112582781456953,0.46218487394957986,0.5902964959568733,0.48685403445149594,0.3263327948303716,0.021739130434782608,0.15,0.136986301369863,0.05771643663739021,0.06666666666666667,0.2910035012442719,0.4114713216957606
0.6016260162601627,0.39875604699378026,0.6647727272727273,0.4269102990033223,0.2300469483568075,0.038461538461538464,0.2608695652173913,0.07582938388625593,0.040268456375838924,0.2,0.2937540981827825,0.3813691778680838
0.6042296072507553,0.4142461964038728,0.5959885386819485,0.36767317939609234,0.25728987993138935,0.01675977653631285,0.0,0.4591194968553459,0.07350901525658807,0.1308411214953271,0.2919656811807632,0.39422926140818565
