Home,Work,Other,Shopping,Community,Food,Entertainment,Travel,Outdoors,Nightlife,macro avg,weighted avg
0.6355533547907898,0.5906860773747286,0.44763271162123386,0.328537170263789,0.2117618586640852,0.030933333333333334,0.4438122332859175,0.23442517662170842,0.3101594008066065,0.2891832229580574,0.352268453972025,0.44130618587326614
0.5987956341738803,0.6016080072196243,0.4129353233830846,0.33709356337093566,0.2884708152436083,0.11823759063022866,0.5450581395348837,0.2634543178973717,0.28272762797967954,0.39759036144578314,0.384597138087908,0.4465788806125037
0.5681904042312051,0.5589717741935484,0.4639056658038539,0.3426680244399185,0.3125613346418057,0.13245033112582782,0.5463623395149786,0.3119551681195517,0.29609929078014185,0.6311300639658849,0.4164294396816716,0.44221725566885506
0.5975900589933476,0.6160274087072783,0.42028563101136696,0.3131156039398652,0.2840710177544386,0.15073313782991202,0.5418994413407822,0.23529411764705882,0.3044614147909968,0.5769230769230769,0.4040400908938123,0.4535198025619932
0.6267391854287883,0.5549645390070922,0.4273834273834274,0.29889686569777624,0.2910810120112446,0.16715715126545028,0.5614035087719298,0.3184996821360458,0.3556926751592357,0.5737327188940092,0.41755507657549984,0.4511445854584272
