Home,Work,Other,Commuting,Amenity,Leisure,Shop,Tourism,accuracy,macro avg,weighted avg
0.29620991253644313,0.21960553429496618,0.15553339980059822,0.7179853545275943,0.06921675774134792,0.19413919413919412,0.02197802197802198,0.09160305343511452,0.5786771061060552,0.22078390355666003,0.5020936958266098
0.3323025021085184,0.23235423060061375,0.09358841778697001,0.7141226146680923,0.03880070546737214,0.16517055655296228,0.12826603325415675,0.029850746268656716,0.576110017637586,0.2168069758384178,0.5001944753968071
0.32063584375302895,0.16175285967456096,0.1417671671178932,0.7162103746397694,0.16091954022988506,0.14757281553398058,0.07123287671232877,0.1103448275862069,0.576681913964126,0.22880453815595672,0.49568897464172695
0.2944070689828296,0.25748832096729873,0.2201476335214937,0.7120321797319592,0.08849557522123894,0.06870229007633588,0.03260869565217391,0.16184971098265896,0.572952725393955,0.22946643439199862,0.5053918824183602
0.34132581100141046,0.22499649319680182,0.23720930232558135,0.7099545891353093,0.02857142857142857,0.16287878787878787,0.018691588785046728,0.0,0.5731276617845642,0.2154535001117958,0.5107634902590521
