Home,Work,Other,Commuting,Amenity,Leisure,Shop,Tourism,accuracy,macro avg,weighted avg
0.1984136020342328,0.17999134656987645,0.2430622009569378,0.7375096480797713,0.08654303376129338,0.1938823529411765,0.054095826893353946,0.03611738148984199,0.5916581628767686,0.21620192409081052,0.510479889250316
0.16773413897280967,0.20119108074419462,0.19627604006636762,0.7384562745921399,0.12326931665922286,0.1218637992831541,0.03103180760279286,0.15167548500881833,0.5915156054168068,0.2164372428661875,0.5033928446499768
0.18546246781540898,0.18793626341886102,0.2582675426489262,0.739536492563127,0.11510791366906474,0.17557251908396945,0.04626060138781804,0.004301075268817204,0.5943038945108863,0.21405560948199906,0.5128832131122492
0.14511439767412465,0.11787694745180882,0.14987977558108467,0.7391395165193468,0.12607709750566892,0.17830882352941177,0.0016638935108153079,0.0,0.5911839837498462,0.18225755647153263,0.4854612038798741
0.14715436864531914,0.14980780902286062,0.21045331315806065,0.7400659262430811,0.05522088353413655,0.17370669197911723,0.04186795491143318,0.08076923076923077,0.5937927041111755,0.19988077228290488,0.49604143786082233
