Home,Work,Other,Commuting,Amenity,Leisure,Shop,Tourism,accuracy,macro avg,weighted avg
0.23248353874725644,0.17624828218048555,0.23829138062547672,0.7395680059306519,0.13427947598253273,0.17299375300336378,0.1041809458533242,0.14647887323943662,0.5959297809538605,0.243065531945316,0.5185722436210874
0.17872459444340855,0.17466325281086498,0.24702232008807926,0.7358653382792975,0.15311004784688995,0.182076813655761,0.10675675675675675,0.1728395061728395,0.5909668533199971,0.24388232875673718,0.5087785720419734
0.18450802512212142,0.16028526334249138,0.28576733822300626,0.7383965768349271,0.14931237721021612,0.1874709976798144,0.07876230661040787,0.08719346049046323,0.5940724298104986,0.23396204318918096,0.5150151742171506
0.23287904599659284,0.187086649478758,0.26636394377083233,0.7372219708208986,0.17158931082981715,0.1824104234527687,0.0707070707070707,0.096045197740113,0.5931531353298547,0.24303795159960642,0.5214847528904789
0.20598583504683574,0.1936053895852891,0.24927128354608502,0.7381069902813474,0.15631067961165046,0.08714362560516407,0.12163892445582584,0.12426035502958581,0.5942389552423855,0.23454038539522293,0.515958257776661
