Home,Work,Other,Commuting,Amenity,Leisure,Shop,Tourism,accuracy,macro avg,weighted avg
0.20724886598846173,0.1255338904363974,0.2086863842259526,0.7392445170552997,0.07542722451384798,0.10966340933767643,0.028549962434259956,0.03773584905660377,0.5944989084486889,0.19151126288106243,0.5027461781569688
0.15363790186125212,0.15678184631253222,0.2003257328990228,0.7368883422647808,0.09105869445968184,0.0671217292377702,0.05097451274362818,0.051873198847262256,0.5910406401416707,0.18858274482824128,0.4948971652381052
0.15326865889923463,0.12355451116195659,0.2517482517482518,0.7405516001477992,0.07834359261331841,0.08816964285714285,0.026013771996939553,0.0623229461756374,0.5952974061742097,0.19049662195003506,0.5006419284660044
0.2148076415177393,0.16499274310595066,0.2339397677048001,0.7383795453012211,0.06613454960091221,0.14314516129032256,0.01895734597156398,0.08797653958944282,0.5937961108225964,0.20854166176024408,0.5106791477901685
0.19604216756056964,0.14977039915224302,0.24790043509055953,0.7386479778069792,0.07262569832402234,0.17051342439943476,0.020376175548589344,0.07951070336391437,0.5941315039054428,0.20942337265578903,0.5084223845232323
