Home,Work,Other,Commuting,Amenity,Leisure,Shop,Tourism,accuracy,macro avg,weighted avg
0.19006372579347897,0.11735983956752988,0.18488068979346303,0.7301864502542503,0.11035525321239607,0.14897260273972604,0.03669724770642202,0.15625,0.5820221021051433,0.2093457261334083,0.48994082739523614
0.18355275710742225,0.11852988829197578,0.24041063929071393,0.7299682254610761,0.0687960687960688,0.18664383561643835,0.030729833546734957,0.23631123919308356,0.5828772428856239,0.22436781091293923,0.4937819155232304
0.08253873659118,0.08344671201814058,0.1689550361597317,0.7334975617113266,0.05573248407643312,0.18112049117421333,0.04395604395604396,0.05084745762711865,0.5832048423064671,0.1750118154142735,0.468772662332285
0.16208957228228027,0.1546151282905698,0.1936342237232627,0.732362629329251,0.09435421500386698,0.18255908720456399,0.023047375160051214,0.0625,0.5859244207593707,0.20064527887423073,0.4917294068400564
0.13889658996395896,0.062328831806591746,0.22164048865619548,0.7330100402977939,0.05465414175918019,0.14750198255352895,0.04415584415584415,0.07326007326007326,0.5842856593174035,0.1844309990566458,0.47870858312382963
