Home,Work,Other,Commuting,Amenity,Leisure,Shop,Tourism,accuracy,macro avg,weighted avg
0.18942214515224157,0.10624113475177305,0.2215525554484089,0.7380319314933402,0.11357490535424553,0.053497942386831275,0.029250457038391228,0.09356725146198829,0.5922419399795597,0.19314229038590253,0.4975786829887865
0.143941084579335,0.2019470793809286,0.2525834998572652,0.7402654056001973,0.0785024154589372,0.1341743119266055,0.11729323308270677,0.1724137931034483,0.5957226822657116,0.23014010287367798,0.5105713377063614
0.19338613013698633,0.1585197821665245,0.2579973390408977,0.7426430025300083,0.12717391304347828,0.1396786155747837,0.14410480349344978,0.1837270341207349,0.5993293981395001,0.24340382751335793,0.5172871800160144
0.17007789417136715,0.1497844827586207,0.21751932278248068,0.7390331949423231,0.16304923239809424,0.08729641693811074,0.09316770186335405,0.049079754601226995,0.593915666036004,0.2086260000569472,0.5028125927584636
0.16157789168709602,0.1439274176919376,0.24771385577034377,0.7420655484914747,0.09396751740139211,0.07702523240371846,0.1318181818181818,0.1687979539641944,0.597379666588401,0.22086169990354237,0.5075471904005753
