Home,Work,Other,Commuting,Amenity,Leisure,Shop,Tourism,accuracy,macro avg,weighted avg
0.2585263157894737,0.23115722726617666,0.18783500349568863,0.7176050516243645,0.045217391304347834,0.04809619238476954,0.005305039787798408,0.01694915254237288,0.5775975338589043,0.188836421774374,0.49680782142777963
0.3329048843187661,0.16669343182913118,0.18509949097639983,0.7152049613736984,0.05574912891986063,0.12109374999999999,0.07253886010362694,0.016129032258064516,0.5770792104328412,0.20817669247244344,0.5013243345069912
0.3546201788456328,0.2117263843648208,0.19949174078780177,0.7105799518250879,0.07432432432432433,0.19614147909967847,0.1120689655172414,0.2622950819672131,0.5730434560718569,0.26515601334147504,0.5099531301982126
0.30010172939979657,0.22554463904314398,0.1050012440905698,0.7164587989330258,0.13418530351437702,0.09999999999999999,0.0471976401179941,0.13333333333333333,0.5753659974873727,0.22022783605403007,0.4965420121008547
0.2905267456104533,0.16991643454038996,0.23278829604130807,0.714446747391004,0.12005856515373352,0.11788617886178861,0.03012048192771084,0.23225806451612904,0.5737785226247261,0.23850018925531466,0.4980362829153805
