home,work,other,displacement,amenity,leisure,shop,tourism,accuracy,macro avg,weighted avg
0.312244315479022,0.15049180327868852,0.16756491915727584,0.7180774875775848,0.01556420233463035,0.03619909502262444,0.0,0.06153846153846154,0.5786262646804616,0.18271003554853593,0.4945044293593327
0.3045982622278629,0.12461059190031154,0.15601818616893992,0.7166025629663765,0.028520499108734405,0.16984402079722705,0.017045454545454548,0.0,0.5756754684184965,0.18965494721436335,0.48675441940389824
0.2778008298755187,0.19543378995433788,0.1495008522035549,0.7160070077585898,0.07142857142857142,0.13572854291417163,0.0061349693251533735,0.16455696202531647,0.5751914478079868,0.21457394068565178,0.4909599296526594
0.2760627793368673,0.1862174578866769,0.2197035745422842,0.7113850616388687,0.02012072434607646,0.09611829944547136,0.0,0.08450704225352113,0.5708344097132524,0.19926436743122078,0.4907976630153162
0.29246251797083594,0.1674892041949414,0.1294701122422344,0.7161882851956362,0.036734693877551024,0.019464720194647202,0.006472491909385114,0.0,0.5752830580658564,0.17103525319815388,0.48623220506133125
