home F-score,work F-score,other F-score,displacement F-score,amenity F-score,leisure F-score,shop F-score,tourism F-score,accuracy,macro_avg_fscore,weighted_avg_fscore
0.32246485192940477,0.13568949195329758,0.09644146467251159,0.7084687227287074,,0.024193548387096774,0.0,0.028368794326241134,0.5672777585610516,0.18794669628532273,0.4768261494392395
0.33518164435946457,0.1847894406033941,0.13793103448275862,0.7069862857577024,,0.011472275334608031,0.009345794392523362,0.0,0.5685230283405144,0.1979580678472073,0.4886351699393569
0.3126795240049241,0.17525276841598458,0.032795698924731186,0.7119270852788465,,0.029197080291970802,0.005050505050505051,0.0,0.57040226019104,0.18098609456670886,0.47764955277263516
0.33951219512195124,0.21094224924012156,0.13764988009592327,0.706667182303349,,0.10256410256410256,0.036281179138322,0.05161290322580646,0.569086777753733,0.22646138452708228,0.4948603607344881
0.3506068194952803,0.19597069597069597,0.08725182863113898,0.7098442596059208,,0.053497942386831275,0.0,0.0,0.5720152298069078,0.19959593515569532,0.49285967090439886
