Home,Work,Other,Commuting,Amenity,Leisure,Shop,Tourism,macro avg,weighted avg
0.42349048800661704,0.437012987012987,0.4320524835988753,0.5998987227817476,0.32158590308370044,0.3686440677966102,0.32558139534883723,0.25510204081632654,0.3954210110557127,0.5247151823338064
0.44250229990800366,0.4306071871127633,0.4224335847818957,0.6013885529741496,0.34710743801652894,0.3906810035842294,0.35294117647058826,0.4019607843137255,0.42370275339523555,0.5279844531600655
0.4751286449399657,0.44273339749759383,0.4352051835853132,0.5925835668738069,0.30701754385964913,0.34402332361516036,0.21686746987951808,0.4,0.4016948912813759,0.5284858177685059
0.4460458240946046,0.4587246663371231,0.46532218396458436,0.5995240643217212,0.391025641025641,0.4497991967871486,0.23684210526315788,0.3076923076923077,0.41937199868578606,0.5351871413900875
0.47668886774500474,0.4532967032967033,0.43050847457627117,0.5958332755007149,0.32653061224489793,0.33574007220216606,0.4722222222222222,0.4166666666666667,0.43843586180683086,0.5340047297415307
