Home,Work,Other,Commuting,Amenity,Leisure,Shop,Tourism,macro avg,weighted avg
0.4527190855559404,0.43454038997214484,0.4318863772754551,0.6128431143122113,0.4080717488789238,0.4,0.3763440860215054,0.32,0.4295506002520226,0.5391306101997092
0.46061946902654866,0.4345831671320303,0.4516402714932127,0.6089465719342345,0.345,0.47410358565737054,0.46511627906976744,0.33858267716535434,0.4473240026848148,0.5406931792460229
0.4685748598879103,0.45490561640643207,0.422430919270363,0.6148979004889272,0.40955631399317405,0.37938144329896906,0.3125,1.0,0.5077808816682219,0.5462668481197933
0.48823362631131273,0.4648063306955435,0.47063758389261745,0.6004801125781217,0.3716577540106952,0.4092827004219409,0.5,0.0,0.41313726348877894,0.5445654763642984
0.48878923766816146,0.47090620031796504,0.4748221906116643,0.6050423003281122,0.3900709219858156,0.39186295503211993,0.30952380952380953,0.4375,0.44606470193345604,0.5483154109107073
