Home,Work,Other,Commuting,Amenity,Leisure,Shop,Tourism,macro avg,weighted avg
0.5454545454545454,0.457388105456775,0.48522550544323484,0.5899618432638685,0.4222222222222222,0.41732283464566927,0.2222222222222222,0.6,0.4674746598385672,0.5479195065836667
0.5593059936908518,0.44438233650083847,0.5041782729805014,0.5869053647493372,0.4782608695652174,0.36220472440944884,0.375,0.2,0.43877969523702437,0.5486834698502496
0.5515171723907969,0.48927875243664715,0.4729064039408867,0.5851261073015687,0.35443037974683544,0.4470588235294118,0.3170731707317073,0.47058823529411764,0.4609973806714964,0.5487603926705349
0.5379816513761468,0.4654744162940884,0.4260504201680672,0.5896294477020846,0.3048780487804878,0.3050847457627119,0.21428571428571427,0.35,0.3991730555461626,0.5375649125683203
0.5452087714028236,0.45132245357343836,0.3920335429769392,0.5924959114354007,0.2413793103448276,0.33076923076923076,0.21428571428571427,0.0,0.34593686684854685,0.5351134818651703
