Home,Work,Other,Commuting,Amenity,Leisure,Shop,Tourism,macro avg,weighted avg
0.45520661157024794,0.4505269320843091,0.4655275183787006,0.6164901734969992,0.4522058823529412,0.3614457831325301,0.4318181818181818,0.4727272727272727,0.4632435444451478,0.5484151174128911
0.47662854301342616,0.438758389261745,0.4601901920566847,0.6098732178516695,0.3382663847780127,0.3615819209039548,0.3110236220472441,0.39325842696629215,0.4236975871098786,0.542326752535771
0.47417503586800575,0.44570871261378414,0.44249568717653825,0.6156467387723212,0.36363636363636365,0.3775700934579439,0.29473684210526313,0.35555555555555557,0.42119062864822193,0.5446817321372424
0.4507088691064952,0.44781325462838745,0.44310511089681776,0.6187120221521422,0.3357798165137615,0.3726235741444867,0.28488372093023256,0.37777777777777777,0.4164255182687626,0.5428007724578375
0.4672470978441128,0.4527376033057851,0.45908922621251386,0.6144233493907623,0.3752913752913753,0.3894230769230769,0.2835820895522388,0.4666666666666667,0.43855756064831647,0.5460235305892467
