Home,Work,Other,Commuting,Amenity,Leisure,Shop,Tourism,macro avg,weighted avg
0.46456071076011846,0.4812529663028002,0.4737478828937818,0.6078924513280741,0.46715328467153283,0.38996138996138996,0.3958333333333333,0.3333333333333333,0.4517169190730455,0.5491083582806523
0.4881720430107527,0.4469127736033976,0.48539857932123126,0.6027431712640684,0.4029126213592233,0.3277777777777778,0.3148148148148148,0.2903225806451613,0.41988179522455343,0.5440122944375203
0.49125,0.46682242990654205,0.4637467795362532,0.6080841197674208,0.41420118343195267,0.45930232558139533,0.22666666666666666,0.3548387096774194,0.4356140268209563,0.5487568146954891
0.46003016591251883,0.4569131832797428,0.4571199035950994,0.611982442897481,0.3493975903614458,0.39335180055401664,0.23076923076923078,0.46875,0.4285392896711919,0.5431013999565327
0.46419969345303264,0.4627137140778465,0.4648956356736243,0.6107350141616753,0.4088050314465409,0.3834745762711864,0.2653061224489796,0.38235294117647056,0.43031034108866956,0.5452986545406634
