home,work,other,displacement,amenity,leisure,shop,tourism,macro avg,weighted avg
0.5442786069651742,0.48986125933831376,0.4796633941093969,0.5862955155785279,0.4,0.34782608695652173,0.0,0.4444444444444444,0.4115461634240473,0.5459801389044463
0.5689277899343544,0.4972375690607735,0.48656716417910445,0.5807406130598408,0.47058823529411764,0.3333333333333333,1.0,0.0,0.4921743381076905,0.5568893480992744
0.5766580534022394,0.46220302375809935,0.47013782542113325,0.5822019362153676,0.42,0.4788732394366197,0.5,0.43333333333333335,0.4904259264458491,0.5506775869232806
0.5563468789275241,0.4806324110671937,0.4300341296928328,0.580713905167821,0.35714285714285715,0.34210526315789475,0.0,0.6666666666666666,0.4267052639778487,0.538790084643588
0.5855263157894737,0.4796819787985866,0.46616541353383456,0.5797928064253288,0.3103448275862069,0.3076923076923077,0.5,0.0,0.40365045622821727,0.5489019261871221
