Home,Work,Other,Commuting,Amenity,Leisure,Shop,Tourism,macro avg,weighted avg
0.5586897179253867,0.4665503199534613,0.4837935174069628,0.5871567555120604,0.3611111111111111,0.3870967741935484,0.06666666666666667,0.5,0.42638310784614963,0.5465044346905571
0.5319835680751174,0.49903846153846154,0.4366812227074236,0.5886813608332596,0.48484848484848486,0.41333333333333333,0.30434782608695654,0.2,0.4323642821778796,0.5459873021795126
0.5215196599362381,0.45862732520846694,0.39646464646464646,0.5932308263465643,0.4074074074074074,0.41216216216216217,0.2857142857142857,0.3870967741935484,0.4327778859291649,0.5359679261129682
0.547106824925816,0.4607329842931937,0.4306122448979592,0.5875953408620588,0.30434782608695654,0.3291139240506329,0.4444444444444444,0.2972972972972973,0.4251563608572948,0.5401364008590294
0.5698838606327593,0.4430992736077482,0.425314465408805,0.5868227704438206,0.23295454545454544,0.43283582089552236,0.38461538461538464,0.46153846153846156,0.44213307282463093,0.541871120475435
