Home,Work,Other,Commuting,Amenity,Leisure,Shop,Tourism,macro avg,weighted avg
0.4633233532934132,0.4695924764890282,0.47989556135770234,0.6050926731416758,0.4085603112840467,0.31451612903225806,0.2711864406779661,0.3333333333333333,0.418187534826178,0.5434959626848852
0.4942528735632184,0.4483236353560543,0.4631490787269682,0.6131779048576635,0.37142857142857144,0.3103448275862069,0.28888888888888886,0.4838709677419355,0.4341795935186884,0.5486098504078829
0.4803296119085593,0.4577491474043198,0.46448656529889604,0.6175456357366573,0.3103448275862069,0.44841269841269843,0.3142857142857143,0.3684210526315789,0.4326969066580789,0.5517387696945024
0.47623345367027675,0.44533440128153784,0.48048780487804876,0.6079921219031823,0.36754176610978523,0.4527027027027027,0.32085561497326204,0.25806451612903225,0.42615154770597846,0.5459873063724997
0.49085985104942453,0.47786398904609767,0.4503367003367003,0.612609040444092,0.34177215189873417,0.3972602739726027,0.3359073359073359,0.33,0.4295761678318734,0.5506720736622546
