home,work,other,displacement,amenity,leisure,shop,tourism,macro avg,weighted avg
0.21891675560298826,0.08890180127832656,0.10151380231522707,0.9262773722627737,0.007936507936507936,0.01909307875894988,0.0,0.03305785123966942,0.17446214617430536,0.5786262646804616
0.20797227036395147,0.07123070834982193,0.09290396124251923,0.9354465525219806,0.014705882352941176,0.11395348837209303,0.008595988538681949,0.0,0.18060110646774868,0.5756754684184965
0.1829734900245969,0.1239143022582513,0.08888245512449335,0.9296690032960401,0.03903345724907063,0.07906976744186046,0.0030864197530864196,0.1015625,0.1935239243934249,0.5751914478079868
0.18357755045617916,0.11547958214624882,0.14754098360655737,0.9179376812950314,0.010351966873706004,0.05591397849462366,0.0,0.045112781954887216,0.1844893156034042,0.5708344097132524
0.19490829455242267,0.10145739910313901,0.07517429524098211,0.9364982373678026,0.019522776572668113,0.010050251256281407,0.003257328990228013,0.0,0.16760857288544048,0.5752830580658564
