Home,Work,Other,Commuting,Amenity,Leisure,Shop,Tourism,macro avg,weighted avg
0.2033084311632871,0.14448963780747628,0.09260908281389137,0.916970802919708,0.037698412698412696,0.12649164677804295,0.011560693641618497,0.049586776859504134,0.19783943558524264,0.5786771061060552
0.23636848420210638,0.15730114760585676,0.051581647192932456,0.9117538176770014,0.02022058823529412,0.10697674418604651,0.07736389684813753,0.016129032258064516,0.19721191977567992,0.576110017637586
0.22601803771522275,0.09689249179695039,0.08338158656629995,0.9229840768766538,0.10408921933085502,0.08837209302325581,0.040123456790123455,0.0625,0.20304512026242016,0.576681913964126
0.2026541332596074,0.17796771130104463,0.1484192037470726,0.8985683540750444,0.051759834368530024,0.03870967741935484,0.01764705882352941,0.10526315789473684,0.20512364136111505,0.572952725393955
0.24842595127292635,0.14985052316890882,0.17005153076689905,0.8854994124559342,0.015184381778741865,0.10804020100502512,0.009771986970684038,0.0,0.19835299842738996,0.5731276617845642
