Home,Work,Other,Commuting,Amenity,Leisure,Shop,Tourism,macro avg,weighted avg
0.1225271218889598,0.06778124685265384,0.11760204081632653,0.9327675954682647,0.0666058394160584,0.09334763948497854,0.019444444444444445,0.11261261261261261,0.19158606762303734,0.5820221021051433
0.1157920077034184,0.06872342529417581,0.168014609966084,0.9284819996924901,0.038181818181818185,0.12260967379077616,0.01606425702811245,0.1673469387755102,0.20315184130404818,0.5828772428856239
0.045194974710393215,0.04606449028640096,0.10482507478215633,0.9623375766770002,0.03064798598949212,0.12291666666666666,0.024456521739130436,0.027149321266968326,0.17044907651477603,0.5832048423064671
0.09903996061376877,0.09297665564572688,0.12225381235461359,0.9408242183184179,0.05364995602462621,0.11451942740286299,0.012113055181695828,0.034782608695652174,0.18376996177967053,0.5859244207593707
0.08129157877656985,0.03346516580468512,0.1492361927144536,0.952241520818083,0.02982292637465051,0.09451219512195122,0.02316076294277929,0.040160642570281124,0.17548637314043172,0.5842856593174035
