Home,Work,Other,Commuting,Amenity,Leisure,Shop,Tourism,macro avg,weighted avg
0.13337490080489742,0.07218109339407745,0.13381629305631493,0.9430075082450354,0.041025641025641026,0.06380290587492103,0.014809041309431021,0.02,0.17775217296378978,0.5944989084486889
0.09116465863453815,0.09506601806810284,0.1262056228196183,0.9478367727446079,0.051329622758194186,0.037389100126742715,0.02773246329526917,0.028481012658227847,0.17565065888816264,0.5910406401416707
0.0907988216946803,0.07119948685054522,0.17276840806252572,0.9468080605812756,0.04326328800988875,0.04876543209876543,0.013798701298701298,0.034161490683229816,0.17769546115995152,0.5952974061742097
0.1401171471230045,0.10067304286220333,0.1571931763243318,0.9305785826637759,0.036523929471032744,0.08749229821318547,0.009884678747940691,0.04854368932038835,0.18887581809073287,0.5937961108225964
0.12426000820584959,0.08934466530870268,0.1690121412803532,0.9343363309608035,0.039852851011649294,0.1096305269533616,0.010594947025264874,0.04436860068259386,0.1901750089285723,0.5941315039054428
