Home,Work,Other,Commuting,Amenity,Leisure,Shop,Tourism,macro avg,weighted avg
0.12704738760631834,0.11350269811435154,0.1691211029296569,0.925848816959317,0.04840425531914894,0.12795031055900621,0.029142381348875937,0.019138755980861243,0.19501946360219202,0.5916581628767686
0.10253632110317656,0.13089445545743977,0.12538274318913403,0.9379345764854614,0.07504078303425775,0.0699177438307873,0.016051364365971106,0.09772727272727273,0.1944356575241876,0.5915156054168068
0.11561064743937972,0.11843222909841039,0.18598918575063614,0.9275488069414317,0.06696428571428571,0.11421477343265053,0.02497918401332223,0.0021551724137931034,0.1944867856004887,0.5943038945108863
0.08522221122438879,0.06749727833555098,0.08913250714966635,0.9610625331213567,0.07591480065537957,0.11398354876615746,0.0008333333333333334,0.0,0.17420577657322914,0.5911839837498462
0.08661534641172089,0.08907199133938774,0.13518548517738538,0.9526668083297918,0.02971366828741221,0.11158536585365854,0.022452504317789293,0.04449152542372881,0.18397283689260932,0.5937927041111755
