Home,Work,Other,Commuting,Amenity,Leisure,Shop,Tourism,macro avg,weighted avg
0.15610475002834145,0.10955296127562643,0.1601284855112083,0.9240474352677005,0.07884615384615384,0.11370814908401769,0.059236165237724084,0.08666666666666667,0.21103634586467984,0.5959297809538605
0.10998278829604131,0.10903405142460042,0.16882139681236746,0.9274686780513298,0.09894867037724181,0.12167300380228137,0.06443719412724307,0.11075949367088607,0.21389065957024891,0.5909668533199971
0.11453820828279328,0.09771220868077828,0.21102426984779926,0.9222850535162805,0.09394313967861558,0.12469135802469136,0.045454545454545456,0.049689440993788817,0.20741727805991156,0.5940724298104986
0.15700011485012058,0.11824300389656393,0.19041370260377097,0.9118876560529411,0.11523929471032746,0.12076401725200246,0.04036243822075782,0.05501618122977346,0.21361580110203224,0.5931531353298547
0.13211417853584198,0.12312987286647468,0.17108167770419427,0.9241358735029621,0.09871244635193133,0.049061175045427015,0.07742461287693561,0.07167235494880546,0.20591652397907156,0.5942389552423855
