Home,Work,Other,Commuting,Amenity,Leisure,Shop,Tourism,macro avg,weighted avg
0.16817310325938098,0.153639846743295,0.11654135338345864,0.922572475238569,0.02411873840445269,0.02564102564102564,0.0027624309392265192,0.008620689655172414,0.17775870790807258,0.5775975338589043
0.24225013361838588,0.10005783689994216,0.11743981209630065,0.9110045662100457,0.029574861367837338,0.07093821510297482,0.041176470588235294,0.008403361344537815,0.19010565715353248,0.5770792104328412
0.2686465033529492,0.13763233878729547,0.133276740237691,0.8858040375109715,0.040892193308550186,0.12869198312236288,0.06970509383378017,0.19834710743801653,0.2328744996989521,0.5730434560718569
0.20675637790860668,0.1493212669683258,0.05979030886936809,0.9177209345276572,0.0860655737704918,0.05895691609977324,0.024922118380062305,0.0859375,0.19868387456553563,0.5753659974873727
0.1949582134538978,0.10511200459506032,0.16024881516587677,0.9130111524163569,0.08086785009861933,0.06823529411764706,0.01567398119122257,0.15517241379310345,0.21165996560397302,0.5737785226247261
