Home,Work,Other,Commuting,Amenity,Leisure,Shop,Tourism,macro avg,weighted avg
0.1190460926982499,0.05989604158336665,0.14402131327378154,0.9458318002207682,0.06595477386934673,0.02923538230884558,0.015458937198067632,0.05442176870748299,0.17923326373248863,0.5922419399795597
0.08423664620608594,0.13032621828433347,0.1736400031399639,0.9338065236462237,0.04388926401080351,0.08558888076079005,0.07358490566037736,0.1048951048951049,0.20374594332546037,0.5957226822657116
0.12106391531555674,0.09585780034915092,0.17860003203588018,0.9312977099236641,0.07997265892002735,0.08272327964860908,0.09348441926345609,0.12237762237762238,0.21317217972924585,0.5993293981395001
0.10352494931659145,0.09003319569265647,0.14058039961941007,0.9420806630366694,0.10476190476190476,0.04830569574621485,0.05449591280653951,0.02711864406779661,0.1888626706309729,0.593915666036004
0.09670534880618914,0.0847224469978961,0.17084464314226408,0.9408955415237668,0.05447209145931405,0.04264705882352941,0.08199811498586239,0.1134020618556701,0.19821091344931152,0.597379666588401
