Shopping,Community,Food,Entertainment,Travel,Outdoors,Nightlife,accuracy,macro avg,weighted avg
0.43134358423420405,0.30745551467827914,0.48747303799568603,0.16730864197530862,0.07467687888942078,0.0856841152511691,0.18743215534917382,0.39277860326894504,0.24876770405332024,0.35488251137339394
0.45425673267005867,0.3322806747284911,0.48651580141004785,0.22266961948862493,0.08211594648623713,0.1861854063879512,0.2100107514036555,0.40766533215445905,0.28200499036786664,0.3776482088523802
0.4421433941630784,0.31554730983302415,0.491816309571124,0.17147164122856606,0.08803545051698672,0.100546780072904,0.2022686567164179,0.3982514140046204,0.2588327917288716,0.3602254051386401
0.4308220525384024,0.31782886723507914,0.488482449446776,0.18222764380219578,0.08397397989355411,0.19738643434971997,0.19938893289577914,0.39564180117589515,0.27144433716592953,0.3601462802303822
0.42769114006396936,0.30668178441568594,0.5028077957623518,0.15979032803517076,0.06907701352145795,0.06638397426524346,0.18125216188170182,0.3929357834894707,0.24481202827794016,0.34867139869591607
