Shopping,Community,Food,Entertainment,Travel,Outdoors,Nightlife,accuracy,macro avg,weighted avg
0.4508598270265911,0.33553630436724124,0.4946416335480334,0.18556201550387597,0.1346520909248655,0.23581267217630858,0.21248407643312106,0.41161198419262934,0.2927926599971481,0.38084938424546805
0.4357993380045566,0.33367662203913484,0.4969658676565441,0.18728378861982584,0.1365223463687151,0.21698381141721104,0.2081725009982697,0.4088095265542324,0.28791489644346535,0.37515091961594066
0.44096421239762124,0.3200376293508937,0.5048492235942552,0.18657702005042623,0.1151578217134929,0.24985851726089417,0.21011673151750973,0.41275020247599215,0.28965159369787047,0.37874207368068163
0.4439657876576256,0.33986519662545195,0.49712701953626715,0.19406280667320905,0.12257726558407542,0.24585477415666093,0.19773543220104942,0.41235258612684556,0.2915983260620485,0.380040335115453
0.4543606464988024,0.3174829157175399,0.49778442450426497,0.19596541786743515,0.13052029322367245,0.22639346611262356,0.22418879056047195,0.4130181513153296,0.29238513635497293,0.3806888442344287
