Shopping,Community,Food,Entertainment,Travel,Outdoors,Nightlife,accuracy,macro avg,weighted avg
0.43682567029180575,0.3016836335160532,0.5006600110215432,0.18973187447396897,0.12583347580783039,0.22085889570552147,0.25183194919394236,0.4101300431945593,0.2896322157158093,0.37567966242611217
0.43233049732479606,0.31251771374586684,0.49801341589267284,0.19445727482678987,0.1270062805303559,0.21886369997201235,0.22813886713651793,0.4072878600989083,0.287332535632716,0.372844488898286
0.4358763065446502,0.3194587027531498,0.5016598269597721,0.18916636506213055,0.11711861587090336,0.2405119809495461,0.22561994089682644,0.4105866018743492,0.2899159627195683,0.37708255141106944
0.4335908835844089,0.323515748397287,0.5007654138513513,0.1984861227922624,0.11072544255466853,0.24157222780088944,0.24119810825013135,0.41095969913641006,0.29283627817585695,0.37829594924280485
0.4420255560814008,0.3207460492466005,0.49768189486828646,0.19317373785257172,0.08694001518602885,0.23828016643550623,0.1891704750034621,0.40873080597432254,0.2811454135248367,0.37369611104972894
