Shopping,Community,Food,Entertainment,Travel,Outdoors,Nightlife,accuracy,macro avg,weighted avg
0.44731773287980003,0.3251964863615349,0.49594826448462453,0.20500459136822774,0.06672985781990522,0.19743667989014344,0.18849449204406366,0.4093144012498851,0.27516115783547135,0.37258969514858903
0.4308809120869333,0.3139155559698015,0.4975358195305355,0.1911851589270944,0.05812365905987908,0.21630184331797234,0.2382405288583778,0.4066307768568366,0.2780262111072277,0.3689497030967023
0.4241638225255973,0.324213660897078,0.5044880572037123,0.18736642127760628,0.09176882661996497,0.23453063688499848,0.21274409044193218,0.40908249450422307,0.28275364512155565,0.3729334379236909
0.4295502459592411,0.32505118183510145,0.498250162022035,0.2073936293885143,0.09304812834224599,0.21483533394890736,0.21116504854368928,0.4077328442752345,0.2827562471485335,0.3728025735335714
0.43705193215597127,0.3463706233988045,0.49728573555889477,0.20686456400742115,0.050513022888713496,0.24278251306021445,0.2370447722229474,0.41046671482163244,0.2882733090418524,0.3786922601913388
