Shopping,Community,Food,Entertainment,Travel,Outdoors,Nightlife,accuracy,macro avg,weighted avg
0.46065609932877444,0.3320571344426447,0.4969992926089039,0.2793776895067858,0.21770334928229665,0.23588205897051473,0.22476446837146705,0.42155444258950103,0.32106287035876957,0.4044229549639767
0.4911859661152539,0.3108035371011149,0.47408810529894607,0.25322997416020665,0.1854636591478697,0.21669180492709905,0.2101010101010101,0.4167504561873906,0.3059377224073572,0.39505442958315007
0.4718038638569683,0.32233755154272714,0.48511939771791557,0.24334344455679133,0.22419389742479984,0.186020913593836,0.20188549091745228,0.4134297404853988,0.3049577942300701,0.39091623420493826
0.4728329042054532,0.35041876046901177,0.4897152089512648,0.2669132377870242,0.240171858216971,0.22501230920728707,0.2511472674176053,0.42019721055788845,0.3280302208935168,0.4011516540961603
0.4478271374823099,0.3248803485963283,0.49333271167474824,0.2577072732714756,0.24957134692322347,0.2102490421455939,0.18505825908156273,0.4081241184767278,0.30980373131074884,0.3825466787851945
