Shopping,Community,Food,Entertainment,Travel,Outdoors,Nightlife,accuracy,macro avg,weighted avg
0.42924228514935386,0.32206597157804906,0.4925621383559398,0.24159683645607757,0.15118156465580507,0.22730311538975803,0.16961835869294087,0.40466567607726595,0.290510038611132,0.3752021861776495
0.4491378570815819,0.3307767179287522,0.4931078954529858,0.24106368628962327,0.1364719904648391,0.188073987841159,0.1859478347685012,0.41084431905107244,0.28922570997534885,0.38117519495682134
0.4433762537743379,0.31101871101871104,0.4919609497408701,0.21204285186553382,0.15651709401709404,0.17515329245534525,0.17947111166812882,0.4023440611805943,0.28136289493428873,0.3699228921343735
0.44826723829939263,0.3150789998466022,0.4919830920477542,0.20057720057720055,0.1771257810377615,0.21806247720918928,0.16021690904609318,0.40436618452969186,0.2873302425805705,0.37112668668586535
0.4266681784681671,0.32438632713925214,0.505620760837511,0.22115064848686397,0.13911373302236246,0.2195966105740542,0.17242212026080658,0.4046961325966851,0.2869940541127168,0.37063414355704216
