Shopping,Community,Food,Entertainment,Travel,Outdoors,Nightlife,accuracy,macro avg,weighted avg
0.4483050629987939,0.2466452685718705,0.4986073411748008,0.2835344708003884,0.15826801045166106,0.18890612878200155,0.1069198101423932,0.4107670304387029,0.27588372756027274,0.38182341411576015
0.45799880775718826,0.2543224840469145,0.48068205373155853,0.2345903377252764,0.13015836319500634,0.15846338535414167,0.1199452532039318,0.4017749406406913,0.2623086692877168,0.36947485197031
0.45888388388388385,0.26708235905429983,0.4701481828704811,0.25481698779918666,0.14535398230088495,0.13035085727262405,0.1367359050445104,0.3956088509098848,0.2661960226036958,0.36603631624433464
0.47019136560380004,0.29682205865171163,0.47157400312472014,0.223717409587889,0.1386094838067868,0.1547058179029254,0.1285024154589372,0.39981568115964666,0.26916036487668143,0.3690516468508137
0.4253808769726424,0.27015330224619793,0.4835296580334545,0.22615611570778013,0.13573274624294057,0.17963252541047697,0.11746070427683687,0.3856547148702462,0.2625779898414756,0.35062066250900026
