Shopping,Community,Food,Entertainment,Travel,Outdoors,Nightlife,macro avg,weighted avg
0.4126047009335449,0.40863606700021754,0.4078418079096045,0.4860406091370558,0.42358078602620086,0.4143272023233301,0.4287917737789203,0.42597470672983917,0.41787889486156793
0.4195844714841487,0.4123505976095618,0.395818917615483,0.48189073050951503,0.4433106575963719,0.45341246290801185,0.470517448856799,0.4395550409399845,0.42242938622256804
0.41747144860749347,0.4228713486637663,0.40540483030109586,0.4709090909090909,0.3824884792626728,0.4491353001017294,0.41517170681701693,0.42335031495183795,0.418183684054593
0.4156388268922041,0.417068361086766,0.40306491570385633,0.5186885245901639,0.4529032258064516,0.43412417970721856,0.4500314267756128,0.4416456372231819,0.42512185471276487
0.4103468334181633,0.416044776119403,0.4090857363952933,0.5074626865671642,0.4387019230769231,0.4263356718834323,0.42468415937803694,0.43323739811977374,0.4218859768957612
