Shopping,Community,Food,Entertainment,Travel,Outdoors,Nightlife,macro avg,weighted avg
0.3867714431152965,0.4055316763221828,0.40853362348689454,0.44735006973500696,0.4409246575342466,0.46909492273730685,0.4530313124583611,0.4301768150556136,0.41368010081061835
0.41795191110259605,0.4072476272648835,0.4058981651018739,0.4426751592356688,0.3961937716262976,0.36368184092046024,0.46737766624843163,0.41443230592860164,0.4130723645651831
0.4149613460663938,0.39237005245588935,0.3965915936340141,0.40252454417952316,0.4240231548480463,0.3370959466393022,0.47448641484426773,0.40600757895249096,0.40469767021394504
0.4263916264527968,0.3893838862559242,0.39139961132492473,0.38108293351610695,0.4917043740573152,0.41412742382271467,0.4973221117061974,0.4273445667337114,0.4141369299653914
0.39948335043702893,0.38856828799120635,0.4068800546759312,0.42751526840244297,0.420746887966805,0.4170444242973708,0.4636363636363636,0.41769637677244986,0.4094058912233665
