Shopping,Community,Food,Entertainment,Travel,Outdoors,Nightlife,macro avg,weighted avg
0.4150190114068441,0.4172004744958482,0.3993411264612115,0.43946850393700787,0.411214953271028,0.47573529411764703,0.47859116022099446,0.433795789130083,0.41977690025668496
0.42916075230660045,0.4126945227300576,0.3882061446977205,0.473376243417203,0.5302491103202847,0.4732199117832388,0.4650124069478908,0.4531312988861423,0.427514962940682
0.43045164865613744,0.42092545608312193,0.3948010715348745,0.45266781411359724,0.3226600985221675,0.5098425196850394,0.4088888888888889,0.42003392821197527,0.4161052217809896
0.42053663570691435,0.42509431666058173,0.3938686011721792,0.45164556962025315,0.3966565349544073,0.47066756574511126,0.44362606232294616,0.4288707551689133,0.4179156949231503
0.4240933191940615,0.3904505198305737,0.4028734371572713,0.4684873949579832,0.4169381107491857,0.41108007448789574,0.4724245577523413,0.42662105916133036,0.41752738171038717
