Shopping,Community,Food,Entertainment,Travel,Outdoors,Nightlife,macro avg,weighted avg
0.3739231664726426,0.3941669073058042,0.4074815240435101,0.35708263069139967,0.3762057877813505,0.29521829521829523,0.43799323562570464,0.37743879244838674,0.3870053718574989
0.4034133425430265,0.4027259148618372,0.4115696619606698,0.4645107097858043,0.2819429778247096,0.36395939086294415,0.45030737704918034,0.3969184821268817,0.40462110249955013
0.4083449059462189,0.38724954462659383,0.39629672761150575,0.34495830174374525,0.44879518072289154,0.32104752667313285,0.44461942257217846,0.3930445156994667,0.3961449599842084
0.4101883066026492,0.3885166573608785,0.38762843680814424,0.3904302372336148,0.3901098901098901,0.4017223910840932,0.43399014778325123,0.40036943814036013,0.3981268614271218
0.38571102636811055,0.3793036750483559,0.4046484248903405,0.32463071109584335,0.3263888888888889,0.3408408408408408,0.40704298291040913,0.3669380785775413,0.3804218514736529
