Shopping,Community,Food,Entertainment,Travel,Outdoors,Nightlife,macro avg,weighted avg
0.414412882009412,0.3801416048550236,0.4477243761049213,0.41865079365079366,0.3340675477239354,0.38656838656838655,0.35306553911205074,0.39066159000350326,0.4128209218535321
0.4307692307692308,0.39403392474166504,0.42433595617962877,0.38724973656480505,0.3616813294232649,0.3221225710014948,0.34411764705882353,0.3806157708198447,0.40588783322594274
0.43736212701729943,0.3848243082668477,0.4125650260104042,0.40200445434298443,0.3684210526315789,0.34454638124362896,0.3560421735604217,0.38653793186759505,0.40501329297200495
0.44987437185929646,0.40808364544319603,0.41201054980726315,0.39221014492753625,0.4012921751615219,0.38993174061433444,0.376720901126408,0.40430336127707944,0.416031372890854
0.41326368095814486,0.3916637960730279,0.40660185220766243,0.44427244582043346,0.4492455418381344,0.394429469901168,0.35526315789473684,0.4078199920990439,0.40853783309934494
