Shopping,Community,Food,Entertainment,Travel,Outdoors,Nightlife,macro avg,weighted avg
0.42376634772072036,0.42616150442477874,0.396134579894137,0.48197923029932804,0.36726546906187624,0.4576271186440678,0.451598773543583,0.4292190033697845,0.4202425138812255
0.42418244406196215,0.4201702019560523,0.3920027618699484,0.44176285414480587,0.4108352144469526,0.43711570709893793,0.4826062948647156,0.42981078263476785,0.41843989411571775
0.42194978587622806,0.416676810712112,0.3995586367705536,0.48695652173913045,0.31626235399820307,0.4996907854050711,0.43379446640316205,0.4249841944149229,0.4181775581516882
0.4176020620271057,0.42200945339958795,0.40007169365721995,0.48702830188679247,0.39382716049382716,0.43047034764826175,0.4681285058643549,0.43130536071102143,0.4205491889901296
0.4226418199020939,0.3996108058608059,0.39857015192135836,0.4743888242142026,0.4516765285996055,0.4121880998080614,0.460863697705803,0.43141998971599005,0.41880745159567
