Shopping,Community,Food,Entertainment,Travel,Outdoors,Nightlife,macro avg,weighted avg
0.39153723749971986,0.33067192036499377,0.4382640968063872,0.44080224282941555,0.34471544715447155,0.39417239983812224,0.327217125382263,0.381054352839339,0.39982363253722386
0.42846294406606705,0.3622055239642567,0.39696338195891634,0.40025839793281653,0.32847141190198365,0.31968295904887717,0.3363572923935799,0.3674859873237853,0.3903169829955906
0.42083400270809906,0.35317358069226146,0.3928160368309994,0.3871555915721232,0.3864705882352941,0.2699905926622766,0.33410672853828305,0.36350673160561964,0.3845647861678125
0.42373980105063147,0.3776291341508733,0.3937057591971021,0.3729843421360131,0.3813868613138686,0.32624768946395566,0.3367088607594937,0.37320034972456256,0.3905367312146275
0.3791399995132991,0.3681063122923588,0.3941212967271599,0.39458370635631157,0.39258028792912514,0.3876001687051877,0.3068109484404838,0.3747061028519894,0.38112661430806977
