Shopping,Community,Food,Entertainment,Travel,Outdoors,Nightlife,macro avg,weighted avg
0.4969336059016976,0.2846212121212121,0.6283774373259053,0.11467065868263474,0.08004951516401898,0.16480554485945323,0.14123624047417443,0.27295631636129947,0.41161198419262934
0.45331783223037025,0.2802135820109799,0.667550746163095,0.11622742078768138,0.08068510111432109,0.1426171364569722,0.13365236711673217,0.2677520265543074,0.4088095265542324
0.46725870111230716,0.25743473325766175,0.668937186194305,0.1163347806557868,0.06778276847692936,0.17306938455507645,0.1406494183017885,0.2702095675076936,0.41275020247599215
0.4764362657091562,0.28677966101694913,0.6484551354401806,0.11936019314923797,0.07088045234248788,0.17148554336989033,0.12670323836489117,0.27144292705611334,0.41235258612684556
0.5089507147044235,0.2566758747697974,0.6355953180805545,0.12142857142857143,0.07666456626759084,0.15411626999609832,0.15229133995469593,0.27224609360024743,0.4130181513153296
