Shopping,Community,Food,Entertainment,Travel,Outdoors,Nightlife,macro avg,weighted avg
0.45071549195627053,0.2334848484848485,0.6801183844011142,0.11811377245508982,0.07592325149577057,0.14555256064690028,0.1745977984758679,0.26835801541655174,0.4101300431945593
0.4407977106063316,0.24877791983154096,0.6826154607822336,0.12466686408054486,0.0751134956665291,0.1459772260593616,0.14937617501281833,0.26676069314848,0.4072878600989083
0.4507534983853606,0.2590238365493757,0.6738527439345529,0.11738284174277587,0.07186606778276848,0.15836926695413564,0.15245702378885223,0.2691007541625459,0.4105866018743492
0.4508527827648115,0.2622975517890772,0.6691944130925508,0.12464161762486796,0.06441841680129241,0.16789631106679961,0.1624491240488409,0.27167860245546294,0.41095969913641006
0.4632727600667358,0.2678790669122161,0.6623996605254783,0.1212797619047619,0.04809913883637891,0.16757705813499804,0.11901028053667886,0.2642168181310354,0.40873080597432254
