Shopping,Community,Food,Entertainment,Travel,Outdoors,Nightlife,macro avg,weighted avg
0.5185158910329172,0.29477124183006537,0.5584615384615385,0.20963735717834078,0.16146202980837474,0.16972312117943186,0.1648568608094768,0.29677543432859216,0.42155444258950103
0.5713146351189685,0.25660233621127476,0.5370563961485557,0.1881238802149987,0.12470508931580722,0.16325757575757577,0.15121163166397414,0.28461022063302216,0.4167504561873906
0.512133777445449,0.277308868501529,0.5886383100199829,0.17448042532624455,0.16111975116640748,0.12740294006784772,0.14088575096277278,0.28313854621289053,0.4134297404853988
0.4982607485738138,0.3070329928378537,0.6035425582501189,0.20228918476991356,0.17136725935009198,0.15813148788927336,0.188360450563204,0.3041406688906099,0.42019721055788845
0.48869971372608106,0.2775540095203222,0.6270965447756771,0.18149241146711637,0.17277763123186493,0.14332353901403852,0.12511584800741427,0.2880085282489307,0.4081241184767278
