Shopping,Community,Food,Entertainment,Travel,Outdoors,Nightlife,macro avg,weighted avg
0.4850679939560928,0.2664393939393939,0.6542130919220056,0.13368263473053893,0.03631112028058593,0.12456680785521757,0.11735817104149027,0.2596627448179036,0.4093144012498851
0.43261491683062064,0.25329021583815897,0.692587877501945,0.11978087059520284,0.030747007841518778,0.14019040507746874,0.16014356520252948,0.261336408412492,0.4066307768568366
0.41805705059203446,0.26363980325387815,0.6985709771426565,0.11813145680491091,0.05349122090649244,0.15229321834574677,0.14377496093071715,0.26399409828234804,0.40908249450422307
0.43895870736086173,0.2631261770244821,0.6779063205417607,0.13460087520748454,0.05270597738287561,0.13918245264207377,0.1385595469828349,0.263577151020339,0.4077328442752345
0.45082743382783963,0.31123388581952116,0.6494925563138725,0.13273809523809524,0.026885108170552403,0.1722590714007023,0.15821571702387174,0.271664552542065,0.41046671482163244
