Shopping,Community,Food,Entertainment,Travel,Outdoors,Nightlife,macro avg,weighted avg
0.48219102014913534,0.2670933595913595,0.6201079423127968,0.16548432864697538,0.0912311780336581,0.14999117698958886,0.10434248887524934,0.2686344992283948,0.40466567607726595
0.4853530109759715,0.2784843319784974,0.6280478615992043,0.16562955117171985,0.08243340532757379,0.12683182135380322,0.11606169185231345,0.26897738203701194,0.41084431905107244
0.4759687034277198,0.2576080150281778,0.6477196991335809,0.14393179538615847,0.0959711758925647,0.11831442463533225,0.1106646058732612,0.2643112027681136,0.4023440611805943
0.47250884989078856,0.2645884323070978,0.662143432715552,0.13610771113831088,0.10801855533465872,0.14799538030028048,0.0954899368297341,0.26955032835948894,0.40436618452969186
0.45782301889853194,0.27840126009056904,0.6676427525622255,0.14915330268027363,0.08333333333333333,0.14903612506074843,0.10590329279145654,0.2701847264881626,0.4046961325966851
