Shopping,Community,Food,Entertainment,Travel,Outdoors,Nightlife,macro avg,weighted avg
0.5243254599477776,0.19666975023126734,0.5782207957865284,0.20897658726101626,0.10271317829457365,0.12421884963652595,0.0638996715437444,0.2570034703859191,0.4107670304387029
0.49190823888404533,0.1959567104323463,0.6091505059503415,0.16591688089117396,0.08115900245062707,0.1053395240858967,0.07298606904906117,0.24605956167764173,0.4017749406406913
0.504498307975899,0.21473706198757114,0.5853920003811611,0.18990360727417271,0.08950953678474115,0.08591528214339171,0.08595731980301448,0.25084473090713594,0.3956088509098848
0.5280811232449298,0.24450218950002406,0.58783834073486,0.15977575332866154,0.08469539375928678,0.10139307769639523,0.07940298507462687,0.25509840904839776,0.39981568115964666
0.4844678006156908,0.21337441625343026,0.6254061238554691,0.1585004045671132,0.08205068857771092,0.11690624602467879,0.07263411693791441,0.25047711383314397,0.3856547148702462
