Shopping,Community,Food,Entertainment,Travel,Outdoors,Nightlife,macro avg,weighted avg
0.5095986038394416,0.2520155086466859,0.6065414221252249,0.10924803301947633,0.04145261293179805,0.05011469913534498,0.11922663802363051,0.24117107396022885,0.39277860326894504
0.5197641649362207,0.2828110659499148,0.5948340817987281,0.1464318813716404,0.048056155507559394,0.12508722958827634,0.13693721763514566,0.26484597096964074,0.40766533215445905
0.48204172876304024,0.2662492172824045,0.648005331809959,0.11409227683049147,0.04880445463478546,0.05960741941292995,0.13091190108191653,0.24995890425936101,0.3982514140046204
0.45364163591172707,0.2689037743140538,0.6602739726027397,0.11884944920440636,0.04705102717031146,0.13083649562778418,0.12942559130307038,0.2584259923048704,0.39564180117589515
0.479925379187282,0.2573997506070749,0.6638422479050496,0.10597734664124706,0.038625904010519393,0.03677304390085858,0.11658261643429249,0.24273232695518915,0.3929357834894707
