Shopping,Community,Food,Entertainment,Travel,Outdoors,Nightlife,accuracy,macro avg,weighted avg
0.37975471878892403,0.2901408450704225,0.4868594919982381,0.1925840092699884,0.104091888011486,0.2295345104333868,0.13539260969976907,0.3844315779799651,0.2597654390388878,0.34625028280822856
0.3791424606627937,0.3000806668459263,0.4801855500411502,0.18722104768616396,0.10615329255127744,0.22634069400630916,0.12520253351008986,0.3808777248780938,0.2577608921862444,0.3432047048833023
0.37900625829698464,0.30368821461938866,0.4856075697211155,0.17743114794053133,0.09314871426002518,0.24718792866941014,0.14218704192318968,0.3850746268656716,0.26117955363294926,0.3472806376311382
0.3853663115408082,0.29183216910925447,0.48598201370982963,0.20699268207689628,0.10552320451738133,0.23869998634439438,0.13646565913511896,0.38589934070015786,0.2644088609190976,0.34939565886966073
0.38331029881332507,0.29402306243395965,0.4871018590337028,0.1960042558222012,0.10878511361603149,0.21712538226299694,0.13315579227696406,0.3853368129179579,0.2599293948941687,0.34740749405183596
