Shopping,Community,Food,Entertainment,Travel,Outdoors,Nightlife,accuracy,macro avg,weighted avg
0.37167999033446775,0.2522989466644374,0.4929656163317435,0.028898854010961636,0.10054815974941268,0.21499573984663448,0.012353118409159385,0.3782565626547796,0.21053434647811667,0.3197218421093538
0.3566796368352789,0.2612297181895816,0.49244928002495775,0.018226158387883454,0.09186602870813397,0.1569306216645031,0.016837593754783407,0.37549795849435236,0.1991741482235889,0.31390892100103035
0.362752248966691,0.24758236354695953,0.4771966145040492,0.03534750417960353,0.10111715840733314,0.12697933946614387,0.014627456955660522,0.3630008762845535,0.19508609800377724,0.30296799386251627
0.3605081826012059,0.2531879971381676,0.48371074503558453,0.022674146797568958,0.13153310104529617,0.1715679631386367,0.006405590333381861,0.3681609918246339,0.20422681801283452,0.30519085680947877
0.37823262134273217,0.26748244215606015,0.49235862960046844,0.015428697377121445,0.11510582777616699,0.1920668058455115,0.010271460014673515,0.3767014973176395,0.21013521201610488,0.3132762275163231
