Shopping,Community,Food,Entertainment,Travel,Outdoors,Nightlife,accuracy,macro avg,weighted avg
0.39543181216209894,0.21406497953729225,0.5262482968662339,0.26862170087976545,0.0006779661016949153,0.027301996136509982,0.10633668751699754,0.4072904127517592,0.21981191988579898,0.35587184018962376
0.4024402793090776,0.20393700787401575,0.49008651916495266,0.22407512345179306,0.05739704405223131,0.08740499457111836,0.07511467889908256,0.3873533457399466,0.2200650924746102,0.3391536624362927
0.39150750805244294,0.20760114425827544,0.48298830948174576,0.23383010432190757,0.08185146443514645,0.0780947106064802,0.08995669786282999,0.3792119807452309,0.22368999128840406,0.33198228888337344
0.3942417694165502,0.23628238298444273,0.48383613417020993,0.21110855035722514,0.0005669737774627923,0.1201326618351554,0.08282828282828282,0.3795012501217651,0.21842810790990416,0.32900124190410973
0.3861051738484883,0.23702153513805443,0.4894140132922115,0.22693333333333335,0.14205839718368193,0.10889205896338564,0.09294871794871795,0.37954251608024264,0.2404818899582676,0.3324143920609249
