Shopping,Community,Food,Entertainment,Travel,Outdoors,Nightlife,accuracy,macro avg,weighted avg
0.3735269555534935,0.18243444133912112,0.48735762177881903,0.19346670043048872,0.0,0.17094017094017092,0.12470100462446183,0.3709015874623389,0.21891812780950787,0.3188208151335482
0.39498958158695174,0.24434670116429497,0.47929503565182296,0.18037715222738454,0.0,0.15762319871908914,0.0011645962732919255,0.3748762093395292,0.2082566093746908,0.3235317913264004
0.38512419630880246,0.1884610937680657,0.47237690908088437,0.1920463126101183,0.0,0.13455428891795929,0.14956296536095823,0.36493210654246044,0.21744653800668404,0.313065427595136
0.39609775521377727,0.24358318846507826,0.47406600884654637,0.15154253259326192,0.0,0.1773280740867776,0.0,0.36818268801428844,0.2060882227436345,0.3128487848692749
0.3859454238106738,0.23552988329600374,0.493109239032379,0.19626690510785738,0.0,0.19391947411668037,0.15471876477075783,0.38012690939794797,0.23706995573347883,0.3305957109878728
