Shopping,Community,Food,Entertainment,Travel,Outdoors,Nightlife,accuracy,macro avg,weighted avg
0.41616478386372546,0.2762014105297687,0.5124062319676861,0.2543875520173693,0.15463331438317227,0.20627014356870788,0.023740776387552134,0.41192728621777036,0.26340060181685454,0.3724137926233674
0.4072887032302207,0.2672230404189167,0.4926169548091663,0.23492286115007013,0.1302725968436155,0.15315890236119975,0.10839651783206965,0.39682717014858676,0.2562685109493227,0.35806458844579825
0.41505839184278304,0.2785291322465093,0.48552739165985287,0.21395881006864992,0.15532968464946575,0.17781589479702686,0.09304964539007092,0.3922986379687237,0.2598955643791941,0.3556106100102908
0.41669496962149516,0.30582979030049723,0.4946170660456375,0.2481038260576437,0.18475073313782991,0.19112271540469972,0.10268111808328578,0.4013384823035393,0.27768574552158415,0.3648220269991498
0.4144283016686577,0.2885059239883059,0.4890581975528457,0.2625580413676657,0.16662923871547272,0.18847065017109765,0.13946032594175795,0.39465914433474375,0.2784443827722576,0.357737936016196
