Shopping,Community,Food,Entertainment,Travel,Outdoors,Nightlife,accuracy,macro avg,weighted avg
0.38285149260759016,0.2750838094338731,0.4875672779523149,0.18916394208313872,0.09579524680073126,0.2277867528271406,0.1280443342569637,0.3839375976472751,0.25518469370882185,0.34367387735851085
0.3813809590774856,0.300681125649758,0.47960996258362,0.2089714347778864,0.11032531824611033,0.21550197520773737,0.13706535853412208,0.3811774470586879,0.2619337334395314,0.34574353320800516
0.37807659412715006,0.3013391857392395,0.4852271020081126,0.19562449357564535,0.09613338063142958,0.2485860490169674,0.14777032935004372,0.38465810482471363,0.26467959063551255,0.34858589395154443
0.37872886071661865,0.2977841830300847,0.4863771175790479,0.21770520937465293,0.12156731413261887,0.2397390595270454,0.1512678519382104,0.3856904076515925,0.27045279947118267,0.35150394490009884
0.3966041108132261,0.29525419083725396,0.48199264792454305,0.19798027242837013,0.11461114077237941,0.22282756742032145,0.15584049598421867,0.3852319593634224,0.2664443465971876,0.3516809872561002
