Shopping,Community,Food,Entertainment,Travel,Outdoors,Nightlife,accuracy,macro avg,weighted avg
0.4329908774353219,0.365156861797264,0.4668108275089779,0.24219574724777562,0.22084805653710252,0.24568023833167824,0.1636694281673065,0.39984799013487,0.3053360052893467,0.3801897408212275
0.4181946297656707,0.34067922921324384,0.47375252379578886,0.23824358403797657,0.1635364177737059,0.1969825754356141,0.172383117524958,0.3949719800747198,0.2862531539352798,0.36849121370334426
0.4399826138164075,0.3578705146336202,0.45566765216861227,0.23551986354914367,0.21095214602861367,0.2144535840188014,0.16402168555938887,0.39239932820372614,0.2969240085392268,0.37232043216461036
0.41713019630932274,0.34498933901918977,0.47625766227823496,0.25391708040492617,0.22094691535150646,0.2337369754998592,0.2309492847854356,0.3967935400415507,0.3111324933783536,0.3762530413116668
0.4298965120735914,0.335314304846405,0.47748295186010403,0.23680183626625861,0.2253745899459172,0.2565597667638484,0.17133034094164837,0.396141347538378,0.30468004324253906,0.3723222910673319
