Shopping,Community,Food,Entertainment,Travel,Outdoors,Nightlife,accuracy,macro avg,weighted avg
0.38514866479328275,0.23213255296348198,0.5126315877209798,0.21890117484450589,0.03049892259240842,0.07469524031368895,0.0,0.39795948859149216,0.2077154490326211,0.34256957253562814
0.4044756724791273,0.22081524360829716,0.4866117991463105,0.19360764144011755,0.0,0.11501219602335724,0.0,0.3845683237785574,0.20293179324245855,0.331641975675445
0.392658472949246,0.21657945044123042,0.4820700189193411,0.1934013933312886,0.005158057622872302,0.07440198819509164,0.0,0.3764028567264247,0.1948956259227243,0.3194798064345444
0.40297234342705296,0.2406155880408433,0.4794899876236521,0.1865343604474039,0.0,0.11882845188284519,0.0,0.3779496433788777,0.20406296163168536,0.3227350759911441
0.3800903361719601,0.23137247345806278,0.4914323450696883,0.19915592563020418,0.0,0.10949645150388644,0.0,0.37584456186133036,0.20164964740482885,0.3142079486100047
