Shopping,Community,Food,Entertainment,Travel,Outdoors,Nightlife,macro avg,weighted avg
0.4118777927881118,0.3624290578887628,0.3753112502829548,0.42615384615384616,0.4,0.37598597721297106,0.458455522971652,0.40145906389975694,0.3937670651442387
0.3999404555153079,0.3712986580902739,0.3708683257569921,0.45284090909090907,0.4143258426966292,0.38249666814749,0.453091684434968,0.4064089348189386,0.3935032421885472
0.40195092518101366,0.3684949255020514,0.37620324466135535,0.4767518009168304,0.39064856711915535,0.4117915904936015,0.45625587958607716,0.4117281333514407,0.3976901902678845
0.4038064325759811,0.3704218822438572,0.37767090884210114,0.44954591321897075,0.41818181818181815,0.378682842287695,0.4418604651162791,0.4057386089238146,0.3954395543348348
0.4064379200565971,0.3663423010875787,0.376885103087794,0.476710753306498,0.3671497584541063,0.3776595744680851,0.4411764705882353,0.4017659830069849,0.3945402923868998
