Shopping,Community,Food,Entertainment,Travel,Outdoors,Nightlife,macro avg,weighted avg
0.34423636052676587,0.36839577329490875,0.3785213845027711,0.43532763532763535,0.0,0.5139664804469274,0.4002047082906858,0.34866462034138485,0.3615973244666816
0.4041364438345422,0.32333607230895645,0.36616099325768786,0.4814004376367615,0.0,0.4300970873786408,0.42857142857142855,0.34767178042685964,0.36771018126024385
0.374437848533909,0.3444632290786137,0.3563629557223967,0.47098765432098766,0.0,0.39823008849557523,0.4601593625498008,0.34352016267161184,0.3568657019033904
0.411266149870801,0.32307066323070666,0.3537105487631504,0.4348148148148148,0.0,0.48182665424044735,0.0,0.28638411870284575,0.33362297157866405
0.35856591582159203,0.3940051271938474,0.3803824165471169,0.46951871657754013,0.0,0.4978902953586498,0.467174119885823,0.36679094162636705,0.3764194197605648
