Shopping,Community,Food,Entertainment,Travel,Outdoors,Nightlife,macro avg,weighted avg
0.4029398820526362,0.3686346380416285,0.3972048927293628,0.42058091286307053,0.4329411764705882,0.5465909090909091,0.0,0.3669846301783136,0.3836326240866043
0.4142652215492509,0.3498503280045857,0.3740013203454455,0.4221910674944923,0.0,0.4182795698924731,0.0,0.28265535818374965,0.3463304495076169
0.4206187379152751,0.34087041089229275,0.3612131695485079,0.4406069075663805,0.6140350877192983,0.4406623735050598,0.0,0.37400095530668775,0.37903416874721885
0.42190773881084054,0.37340401276789786,0.3585663206535852,0.4670880557977332,0.0,0.38815489749430526,0.0,0.28701728936062315,0.34652222229093826
0.3966317044544218,0.3708232968933358,0.3652898433715485,0.4395770392749245,0.0,0.5172413793103449,0.0,0.29850903761493935,0.34317032565826183
