Shopping,Community,Food,Entertainment,Travel,Outdoors,Nightlife,macro avg,weighted avg
0.37747965151948953,0.3932247557003257,0.372509990198296,0.4218181818181818,0.4337837837837838,0.5505454545454546,0.33884297520661155,0.4126006846817347,0.3921195527544723
0.40918690601900737,0.3746020083272104,0.36395077384211894,0.29831932773109243,0.40336134453781514,0.4529558701082431,0.4824561403508772,0.39783319584519494,0.38755987688210225
0.39758394030911354,0.35819302821911314,0.3507586268629996,0.37185929648241206,0.4029680365296804,0.39053803339517623,0.5161290322580645,0.3982899991509371,0.3821599847678755
0.4209494116463844,0.3652701882210079,0.3499135944700461,0.25129533678756477,0.5316901408450704,0.4802731411229135,0.3548387096774194,0.39346150325291523,0.3822540860302665
0.39692513368983956,0.38936276969392875,0.3641902486373479,0.445859872611465,0.4877149877149877,0.4936284372904091,0.4794520547945205,0.4367333577760712,0.4066938526504397
