Shopping,Community,Food,Entertainment,Travel,Outdoors,Nightlife,macro avg,weighted avg
0.4181167203723595,0.37059859154929575,0.4099722991689751,0.46835443037974683,0.38857142857142857,0.5569620253164557,0.47435897435897434,0.44099063853103365,0.4209680928848272
0.4444706437161047,0.3757478140819144,0.3804927762124573,0.3728436282693378,0.43822393822393824,0.48582995951417,0.41416309012875535,0.4159674071638112,0.4074719330083736
0.43148474178403756,0.3461119186046512,0.3781563445311256,0.5072332730560579,0.4790996784565916,0.3680473372781065,0.40097799511002447,0.41587304126008495,0.40478970001954734
0.45534020618556703,0.3958955223880597,0.3768170075014785,0.44552058111380144,0.45542168674698796,0.3893617021276596,0.5806451612903226,0.4427145524791252,0.42423380373884567
0.42422090729783035,0.39021852237252863,0.375811378388698,0.3948370715192552,0.5604229607250756,0.48641304347826086,0.5158102766798419,0.44967630863735575,0.41986771215805724
