Shopping,Community,Food,Entertainment,Travel,Outdoors,Nightlife,macro avg,weighted avg
0.4193890065782139,0.38009459595451345,0.3940994295028525,0.44772790632840814,0.34488044144696506,0.398005148005148,0.4303931987247609,0.4020842466486946,0.4022061273013966
0.43952476994831713,0.3891287164832492,0.3745617285710213,0.43570265870862723,0.4108170310701956,0.3779046066041582,0.385499557913351,0.40187700989984565,0.4021232641298031
0.42679941243675534,0.36257224731652826,0.3826726506373611,0.4050354436568076,0.392005867253392,0.34750872738813077,0.3973256924546323,0.3877028630205153,0.3925328667018046
0.43529297632906483,0.3823477284811248,0.3832369321407202,0.386760950697309,0.40286013254272757,0.37376163314320027,0.411619283065513,0.39655423377138,0.3995705743151196
0.4100854100854101,0.3694890241652832,0.39289512531944953,0.422237380627558,0.4152237830774257,0.37369570492598886,0.43522561863173215,0.40269314954754964,0.399147141914814
