Shopping,Community,Food,Entertainment,Travel,Outdoors,Nightlife,macro avg,weighted avg
0.39524091319649923,0.3022049286640726,0.42092981511398314,0.4361904761904762,1.0,0.7412587412587412,0.45892018779342725,0.5363921517453143,0.4499161494873731
0.41967132695609516,0.3243175557225144,0.37760810984216603,0.4112927191679049,0.5037783375314862,0.45098039215686275,0.45017182130584193,0.4196886089546959,0.39901400261635633
0.4159169772522812,0.328126834997064,0.3667064576995649,0.4264745854851862,0.4807987711213518,0.349009900990099,0.45098039215686275,0.40257341710034433,0.3895821693203867
0.43870009547720923,0.35844632480375166,0.35977216269791484,0.4,0.125,0.3391123439667129,0.5728542914171657,0.37055503119467925,0.3814736191086153
0.3898517298187809,0.3637964977722516,0.3710529435786645,0.3973850105066542,0.4917562724014337,0.5240274599542334,0.621832358674464,0.4513860389580688,0.40733665906645594
