Shopping,Community,Food,Entertainment,Travel,Outdoors,Nightlife,macro avg,weighted avg
0.407079202963853,0.3650833437774157,0.3748923261301075,0.4299363057324841,0.420545746388443,0.37869292748433303,0.46113445378151263,0.40533775803687844,0.39456844200191193
0.4007486947098808,0.37199246036145917,0.372512182234486,0.3921728495719527,0.3851851851851852,0.39868951612903225,0.4398148148148148,0.39444510042954445,0.38810686359120167
0.4019498888664377,0.3691834942932397,0.37706002529428934,0.43112244897959184,0.3662162162162162,0.3971600688468158,0.45965548504079784,0.40033537536248404,0.3925296963210233
0.4108014485907731,0.37025422779706574,0.3778016399843811,0.41245791245791247,0.3558823529411765,0.3764404609475032,0.42857142857142855,0.39031563875574865,0.38982968819734665
0.39303901164592836,0.3647443855095362,0.38250072671400687,0.4693763919821826,0.3752913752913753,0.36913357400722024,0.4072164948453608,0.3944717085708015,0.38978352168299824
