Shopping,Community,Food,Entertainment,Travel,Outdoors,Nightlife,macro avg,weighted avg
0.36886210175172834,0.16940383805570594,0.7226243067957515,0.14795352367606704,0.01580620221630444,0.04008667388949079,0.0,0.20924809234072111,0.39795948859149216
0.3951381181872083,0.16131684825702622,0.6962503135189365,0.12560328904248347,0.0,0.06667237980975234,0.0,0.20642584983077242,0.3845683237785574
0.36818377646479566,0.1587094948351493,0.7244662397454124,0.12389132143258112,0.0025899067633565194,0.04063109678513869,0.0,0.202638833718062,0.3764028567264247
0.38566360011303336,0.1774953939525306,0.7234768590045005,0.11653706019903202,0.0,0.07015232606010705,0.0,0.21047503418988622,0.3779496433788777
0.36487343399201355,0.168141592920354,0.7506470408664375,0.1287420734404955,0.0,0.06122911784715398,0.0,0.21051903700949354,0.37584456186133036
