Shopping,Community,Food,Entertainment,Travel,Outdoors,Nightlife,macro avg,weighted avg
0.4475046100767355,0.3513488372093023,0.5724229366920782,0.16599483204134366,0.16243141784579845,0.17767882792301062,0.10104790419161677,0.282632766568555,0.39984799013487
0.39883897166061366,0.3029585798816568,0.64440194203325,0.16394446712944058,0.10208750357449242,0.13320879436700675,0.11101209420751114,0.26520747897913877,0.3949719800747198
0.45400619230880523,0.353289162328443,0.563074373524833,0.16603206412825652,0.1443034557235421,0.15507718453476846,0.1033411998509502,0.2770176617713712,0.39239932820372614
0.4004224053306363,0.3142815519836838,0.6289088070899844,0.18899980802457286,0.1522140221402214,0.17003550942365475,0.16050126521267621,0.2879090527436329,0.3967935400415507
0.45171891613235815,0.30692614158749615,0.608486159594867,0.16454013822434876,0.15466050133852519,0.19533231861998984,0.10665873959571938,0.2840461307276149,0.396141347538378
