Shopping,Community,Food,Entertainment,Travel,Outdoors,Nightlife,macro avg,weighted avg
0.3613456581637188,0.22068181818181817,0.697075208913649,0.12125748502994012,0.05405405405405406,0.16288024643819793,0.07434377646062659,0.24166260674885784,0.3839375976472751
0.363798962618494,0.25231255170339173,0.6731381285805219,0.1424341131181522,0.06438299628559636,0.14765727086055627,0.0811827038113143,0.24641524671114667,0.3811774470586879
0.35688015787585214,0.25455921301551265,0.6804185246304554,0.12651594550082348,0.05532870559412005,0.1809094472755782,0.08803611738148984,0.24894973018197594,0.38465810482471363
0.35130161579892283,0.24903954802259887,0.6825268058690744,0.14787988531763996,0.07330371567043618,0.17587238285144566,0.09184215183153424,0.2531094436230932,0.3856904076515925
0.4002344771610227,0.2480049109883364,0.6514374624279501,0.12544642857142857,0.06763285024154589,0.15957861880608662,0.09635825056630075,0.24981328553752444,0.3852319593634224
