Shopping,Community,Food,Entertainment,Travel,Outdoors,Nightlife,macro avg,weighted avg
0.4142309875141884,0.22013071895424838,0.683076923076923,0.17461500248385495,0.0965223562810504,0.12657317511686444,0.01217505758473182,0.2467606030016945,0.41192728621777036
0.3758474013026718,0.20733875063484003,0.6984319119669876,0.1714870744816995,0.07650825749915739,0.09090909090909091,0.06235864297253635,0.2404115899667119,0.39682717014858676
0.39983685677384273,0.23302752293577983,0.678047387953183,0.13557274045432577,0.0926905132192846,0.11722578213343385,0.05263157894736842,0.24414748320245974,0.3922986379687237
0.38409628495895365,0.24914876130092756,0.7195672848311936,0.1719224480261621,0.11587982832618025,0.12664359861591695,0.056320400500625784,0.26051122950856564,0.4013384823035393
0.4050775952990809,0.2288538996704504,0.6999940733716589,0.19666947723440134,0.09786336059087312,0.1168788769180542,0.08063021316033364,0.2608524994635503,0.39465914433474375
