Shopping,Community,Food,Entertainment,Travel,Outdoors,Nightlife,macro avg,weighted avg
0.36605584642233857,0.18573450673887623,0.7285516265078007,0.014961950212820844,0.05686448184233835,0.1335803776248456,0.00629123829983121,0.2131485753784074,0.3782565626547796
0.31611539602491845,0.20053756391766095,0.7612043762620935,0.009400238315900967,0.05183585313174946,0.09490579204466155,0.00856831282131173,0.20608107607404239,0.37549795849435236
0.33353204172876305,0.189167188478397,0.7461677615919261,0.018555667001003008,0.05781198820831968,0.07581487484242752,0.0074188562596599695,0.2040669111586423,0.3630008762845535
0.3152444076222038,0.1937395336854309,0.7831748589846897,0.011872705018359853,0.07504970178926441,0.10443821151625145,0.0032319670926986926,0.2123930551012713,0.3681609918246339
0.36122151026036176,0.20371464198989303,0.7597271113049437,0.00785017382527756,0.06525312294543063,0.11922890004859873,0.0051913378819341445,0.2174552568937771,0.3767014973176395
