Shopping,Community,Food,Entertainment,Travel,Outdoors,Nightlife,macro avg,weighted avg
0.3956228956228956,0.16572906563207243,0.7018556524713528,0.19406779661016949,0.00033909799932180403,0.013907110994489635,0.06013534297139342,0.21880813747167074,0.4072904127517592
0.38656838656838655,0.14873090616745147,0.6980004269550986,0.15398308856252782,0.030432136335970784,0.04839194469492035,0.04097591492023772,0.21529754345779903,0.3873533457399466
0.3698043136694758,0.15183132268231714,0.7072585037381789,0.16107175854635047,0.044733457195941115,0.04396632366697849,0.04996121024049651,0.21837526996281978,0.3792119807452309
0.3579652018351271,0.17622293504410586,0.7385011588977595,0.14339386349405134,0.0002841312686461145,0.07299596954769369,0.04464146834655468,0.2191435326334197,0.3795012501217651
0.38242994279065257,0.17576971214017523,0.7186559167219473,0.15881310068116078,0.08302069466295535,0.06075882196869196,0.0502283105022831,0.23281092849540946,0.37954251608024264
