Shopping,Community,Food,Entertainment,Travel,Outdoors,Nightlife,macro avg,weighted avg
0.3837436672295796,0.24704545454545454,0.6688370473537605,0.10658682634730539,0.059624510006189395,0.1626877165960724,0.07400508044030482,0.24321861464552377,0.38355849646172224
0.36040064389196924,0.2517861171692863,0.680882664969234,0.1180041456914421,0.06087494841106067,0.1607242859809595,0.07263715604170227,0.24361570887937914,0.3808777248780938
0.35853964836742014,0.2582671206961786,0.6847371932165304,0.1089983530468633,0.05287872601061658,0.17659741277930224,0.0842160097239104,0.24631920912011734,0.3850746268656716
0.36853680430879715,0.24075329566854992,0.6813981376975169,0.1344499773653237,0.060379644588045234,0.17427716849451644,0.08069368253406477,0.24864124437954485,0.38589934070015786
0.36267303963565856,0.24554941682013506,0.6884260405247711,0.12336309523809524,0.06385213190506196,0.15236051502145923,0.07841087297438579,0.24494787315993816,0.3853368129179579
