Shopping,Community,Food,Entertainment,Travel,Outdoors,Nightlife,macro avg,weighted avg
0.40826572008113593,0.12123607049711531,0.6840394572735176,0.12436920071626241,0.0,0.1025183864497437,0.07385719682659615,0.21632657597776728,0.3709015874623389
0.3862475994191765,0.19637361723363553,0.6935986293902344,0.11098032621489827,0.0,0.09649313874972773,0.0005830903790087463,0.21203948591238303,0.3748762093395292
0.39643843443481575,0.1297151042495623,0.7003883098303699,0.12061334176414797,0.0,0.080953451765235,0.08929261693080788,0.21677160842499127,0.36493210654246044
0.3820084485407066,0.1954862535904801,0.7185707802120724,0.09176176332655933,0.0,0.10865910046237916,0.0,0.21378376373317107,0.36818268801428844
0.41785191382555953,0.16796973518284994,0.7007889546351085,0.12406386887099054,0.0,0.12040816326530612,0.09271148036253776,0.23197058802033604,0.38012690939794797
