Home,Work,Other,Commuting,Amenity,Leisure,Shop,Tourism,accuracy,macro avg,weighted avg
0.25051821143026354,0.2182276538609086,0.27096964628326853,0.7505593852412702,0.11678004535147393,0.14756671899529045,0.08713984539704848,0.031746031746031744,0.6086032231425231,0.23418844228819444,0.5352962760141642
0.23662842012356575,0.22132368589061502,0.26592825425335526,0.7489357853141201,0.12710084033613445,0.14376321353065538,0.08869814020028613,0.0718232044198895,0.6066752478007428,0.23802519300857766,0.5311266723519992
0.24096597145993415,0.20103986135181975,0.28443718158223585,0.7498227000652464,0.12147043153969102,0.15069195284469503,0.07369196757553427,0.06629834254143646,0.607588276400707,0.23605230112007408,0.5332873655690349
0.27028822991942847,0.2334265070407679,0.2787409200968523,0.7486030297962645,0.12156448202959831,0.15408320493066258,0.08296296296296296,0.07807807807807808,0.6065979177485966,0.24596842685682688,0.5393874914616227
0.24457314646978207,0.227951008183131,0.2750410917965832,0.7508656450341115,0.1524390243902439,0.10064935064935066,0.09728978457261987,0.05194805194805195,0.6090424432780923,0.23759463788048427,0.5356620571311111
