Home,Work,Other,Commuting,Amenity,Leisure,Shop,Tourism,accuracy,macro avg,weighted avg
0.3579730357973036,0.2837360847135487,0.19739547635366692,0.7261727408161041,0.045454545454545456,0.1064638783269962,0.046511627906976744,0.047244094488188976,0.5922781483727512,0.22636893548216633,0.5288726278131313
0.3755334281650071,0.2552513399971027,0.1705389221556886,0.7259585624294506,0.06060606060606061,0.08870967741935483,0.01694915254237288,0.0909090909090909,0.5920485106814838,0.22305702927801602,0.5252439200416567
0.37936073059360725,0.26788939836042797,0.21415074532857442,0.7214448965940131,0.038461538461538464,0.10488245931283907,0.030927835051546393,0.043478260869565216,0.5872311107708796,0.225074483071514,0.5262906488794746
0.35814579726870555,0.29341240170168875,0.1777980396626396,0.7256043304167284,0.06998158379373849,0.04554865424430642,0.04610951008645533,0.08163265306122448,0.5898264236084404,0.2247791212794359,0.5264555923446488
0.3582454819277109,0.2686730506155951,0.2262266608771168,0.7208741042863289,0.058823529411764705,0.13508442776735458,0.03539823008849558,0.10687022900763361,0.5862317906407116,0.23877446424775003,0.5261309382620747
