Home,Work,Other,Commuting,Amenity,Leisure,Shop,Tourism,accuracy,macro avg,weighted avg
0.2127353615242889,0.16647017212921483,0.23918890957997102,0.7492725884786866,0.09154929577464789,0.13719185423365488,0.07296137339055794,0.019292604501607715,0.605684243231973,0.2110827699515787,0.5187139274848251
0.20504093459663325,0.17543462257205955,0.23973489359498784,0.7463704049688336,0.1093665403356795,0.1095290251916758,0.07765567765567766,0.07365439093484419,0.6023792150721881,0.2170983112312989,0.5157862873315522
0.200577334947388,0.17150581873751028,0.2712881022615536,0.7492029102848305,0.11002178649237473,0.11177428106348346,0.04859529233105543,0.056657223796033995,0.6059522341431332,0.21495284373927875,0.5212433131199657
0.23702856136953745,0.19199819931348827,0.25467596805176423,0.7480145383837071,0.10775862068965517,0.13933996856993192,0.06606606606606606,0.08875739644970415,0.6048585866079745,0.22920491486173178,0.5260583207621046
0.2041352149655399,0.18453526548171628,0.2588632526730445,0.7486454467358775,0.11909871244635195,0.08250825082508251,0.05956813104988831,0.013333333333333334,0.6053064429474728,0.20883595093885426,0.5204474391354921
