Home,Work,Other,Commuting,Amenity,Leisure,Shop,Tourism,accuracy,macro avg,weighted avg
0.22588544466344143,0.19215219976218786,0.22275288948323624,0.7379681941828834,0.10132501948558066,0.15167548500881836,0.07160493827160494,0.05737704918032786,0.592136410243427,0.22009265250476012,0.5132353201713487
0.2310619574265668,0.17581373247802326,0.2566874312935141,0.7363971786088533,0.09406322282189669,0.16322869955156952,0.06954436450839328,0.20606060606060606,0.5902551143506585,0.2416071490936779,0.5143206000914236
0.17688068521346523,0.15074024226110364,0.22084562438544741,0.740432555100918,0.057646116893514815,0.14758269720101783,0.04866180048661801,0.09638554216867472,0.5934883720930233,0.20489690796384494,0.5009658993679974
0.21768878287615337,0.21331490439990786,0.21040996784565916,0.7399678831860581,0.10938654841093866,0.16932103939647947,0.059332509270704575,0.10071942446043165,0.5948446625515981,0.2275176324807916,0.5144434580197697
0.20123918936362462,0.15397659827030694,0.23141452126120915,0.7398211907269895,0.05123825789923142,0.11111111111111112,0.05520702634880803,0.05263157894736842,0.5936229430400041,0.19957993424108117,0.5045860377557132
