Home,Work,Other,Commuting,Amenity,Leisure,Shop,Tourism,accuracy,macro avg,weighted avg
0.3540555453375023,0.2525921658986175,0.17915465898174832,0.7265572581376372,0.06909090909090909,0.12731006160164268,0.047872340425531915,0.08823529411764706,0.5916162489196197,0.2306085291989045,0.52374919668614
0.387080013855213,0.30171611015032596,0.2023623802094941,0.7220087402049427,0.0348432055749129,0.11023622047244094,0.05141388174807198,0.015267175572519085,0.588865315303801,0.22811596597349007,0.5323803513649599
0.4143135758500806,0.23089527781915686,0.15607899119676424,0.7218275630000748,0.08695652173913045,0.17142857142857143,0.040229885057471264,0.16666666666666666,0.5895821555224341,0.24854963159473956,0.5260591114542856
0.3831690397955458,0.2917440934430582,0.1661904761904762,0.7238582691982011,0.050583657587548646,0.1092896174863388,0.016574585635359115,0.14814814814814814,0.5900025833118058,0.23619473593558452,0.5282335685852069
0.38825824760553385,0.2609180968327055,0.19558652729384438,0.7212755092391202,0.05210420841683367,0.12366737739872069,0.0189873417721519,0.0,0.5883972161628752,0.22009966356986377,0.5272279420917275
