Home,Work,Other,Commuting,Amenity,Leisure,Shop,Tourism,accuracy,macro avg,weighted avg
0.19499515033947623,0.1912020065599074,0.2151876009813895,0.7443869274562681,0.07703559239395417,0.174901185770751,0.046153846153846156,0.08528784648187633,0.5988927304019374,0.21614376951718361,0.5123572336169037
0.19775914753584578,0.18414493865030676,0.20452599388379203,0.7435150736322841,0.09630668536699392,0.118191161356629,0.06865671641791046,0.15913200723327303,0.5973848317182772,0.2215289655096294,0.5095787775710287
0.19706150251475188,0.19143356643356643,0.22753693388229596,0.7463185140231029,0.07935710698141638,0.13824884792626727,0.05259087393658159,0.060606060606060615,0.60213124808341,0.2116441757880054,0.5154242436176733
0.19332511237519392,0.1762114537444934,0.21155621192541996,0.7449832297652167,0.11183597390493942,0.17819025522041762,0.03481012658227848,0.08033826638477802,0.5994860273298043,0.21640632873784219,0.5101127912217661
0.16576696287683745,0.1761136599082433,0.20637445130097332,0.7442327500090579,0.09760765550239234,0.12240553485896755,0.05128205128205128,0.14336917562724016,0.5990040532715692,0.2133940301707204,0.5046136225056757
