Home,Work,Other,Commuting,Amenity,Leisure,Shop,Tourism,accuracy,macro avg,weighted avg
0.2406059413732048,0.2023326888292896,0.2703254337226443,0.7495587445322692,0.10931399888455104,0.11046885035324341,0.08256107834877843,0.08045977011494253,0.606745331227353,0.2307033132698654,0.5297588248771449
0.23155665372396753,0.24818203143326298,0.2766522749916971,0.7511251444769451,0.13527696793002916,0.1327700663850332,0.0950792326939116,0.09846153846153846,0.6089309500079175,0.24613798876204815,0.5379629519861989
0.23933285582727926,0.21027047239187335,0.2804323094425484,0.7535752729509457,0.11316397228637415,0.145679012345679,0.08114961961115807,0.17366946778711484,0.6126200171853402,0.2496591228303716,0.5380558618381773
0.22554940871948434,0.20667086217747013,0.26476014760147604,0.7502648560146392,0.14197875908328678,0.10533076429030187,0.04778156996587031,0.12650602409638556,0.6073375419140925,0.23360529899361426,0.5291580822660092
0.23454224254390524,0.21950458601110626,0.2929254302103251,0.7535826634044042,0.11514104778353483,0.12117346938775508,0.09860312243221035,0.12921348314606743,0.6122282225874618,0.24558575561491355,0.5390826834606118
