Home,Work,Other,Commuting,Amenity,Leisure,Shop,Tourism,macro avg,weighted avg
0.5167969575322205,0.45975056689342403,0.4889253486464315,0.6243674291254275,0.48756218905472637,0.38565022421524664,0.3223684210526316,0.25925925925925924,0.44308504947242094,0.5647075671119989
0.5083019703342927,0.4563295233987492,0.469119579500657,0.6310130839499208,0.49572649572649574,0.3793103448275862,0.41007194244604317,0.41025641025641024,0.4700161688050194,0.5662569259766049
0.5062770562770563,0.4898373983739837,0.48390263054574006,0.6310198300283286,0.3643122676579926,0.4645669291338583,0.3870967741935484,0.43661971830985913,0.47045407556504587,0.5711562127765886
0.5036264732547597,0.46397287369313367,0.48520710059171596,0.62495988704191,0.3981191222570533,0.4823529411764706,0.39436619718309857,0.5675675675675675,0.49002152034571367,0.5649380812261213
0.5308090310442145,0.47942218588171165,0.46392109361481226,0.6320795691452398,0.4,0.4567307692307692,0.38461538461538464,0.35384615384615387,0.4626780234222858,0.5716104865813285
