Home,Work,Other,Commuting,Amenity,Leisure,Shop,Tourism,macro avg,weighted avg
0.5698638247483718,0.49241998877035376,0.4691823899371069,0.6029495861550037,0.41304347826086957,0.45588235294117646,0.3,0.4,0.46291770260161025,0.5633937325608002
0.5522609340252038,0.46041412911084045,0.46421267893660534,0.6088379185462863,0.3333333333333333,0.358974358974359,0.25,0.14285714285714285,0.3963613119729713,0.5545872697075644
0.5459217877094972,0.5058746736292428,0.4379172229639519,0.6042377390379018,0.43333333333333335,0.47368421052631576,0.2916666666666667,0.4642857142857143,0.469615168519078,0.5585442171596947
0.5639441160666309,0.48435434111943587,0.4451530612244898,0.6054329692467499,0.41935483870967744,0.35714285714285715,0.13636363636363635,0.41379310344827586,0.42819236541521916,0.5569848209308496
0.5513853904282116,0.5151515151515151,0.41848906560636184,0.6034559149313248,0.34210526315789475,0.4084507042253521,0.3333333333333333,0.0,0.39654639835424915,0.5564360607948884
