Home,Work,Other,Commuting,Amenity,Leisure,Shop,Tourism,macro avg,weighted avg
0.4832692307692308,0.46756310450577965,0.455766793409379,0.6147361235547592,0.4619883040935672,0.427536231884058,0.30303030303030304,0.39215686274509803,0.4507558692490219,0.5521562543974861
0.4834322926642406,0.45553711169077543,0.46277331857182397,0.6129346433148227,0.3433333333333333,0.4713114754098361,0.48936170212765956,0.3893805309734513,0.4635080510107429,0.5506389056330386
0.4974010395841663,0.47956204379562045,0.4769035532994924,0.61633425859292,0.3969849246231156,0.39473684210526316,0.3695652173913043,0.4838709677419355,0.46441985589172724,0.5586530336953349
0.492600851408879,0.485145816298719,0.4692874692874693,0.6131564305585278,0.38095238095238093,0.423841059602649,0.34375,0.41304347826086957,0.45272218579618684,0.5552990169148104
0.5057005320496579,0.4898463227222832,0.48087755707085683,0.6097517535006404,0.42677824267782427,0.4811715481171548,0.35555555555555557,0.46511627906976744,0.4768497238454676,0.5588580849648124
