Home,Work,Other,Commuting,Amenity,Leisure,Shop,Tourism,macro avg,weighted avg
0.4494889469931067,0.45122859270290394,0.4435146443514644,0.6135790297793371,0.34759358288770054,0.42574257425742573,0.32222222222222224,0.3181818181818182,0.42144392642199735,0.5408641892404554
0.4460514233241506,0.441527446300716,0.4310769230769231,0.6145897639415586,0.3096446700507614,0.4026548672566372,0.3333333333333333,0.4,0.42235980341051005,0.5378416626398649
0.47520513735283626,0.47108307045215564,0.45264006449012495,0.6078843738090869,0.3364485981308411,0.3972602739726027,0.23255813953488372,0.42857142857142855,0.425206385789245,0.5439888599365484
0.46314102564102566,0.45660749506903353,0.47289972899729,0.6136906148113647,0.3425925925925926,0.4697674418604651,0.36363636363636365,0.2916666666666667,0.43425024115935024,0.5472247754153153
0.49210858585858586,0.46973616140713914,0.4424778761061947,0.6088551368390887,0.30612244897959184,0.34946236559139787,0.3492063492063492,0.4117647058823529,0.4287167037338375,0.5459453669045652
