Home,Work,Other,Commuting,Amenity,Leisure,Shop,Tourism,macro avg,weighted avg
0.557486243845931,0.4869524697110904,0.470076169749728,0.6068749810209225,0.3939393939393939,0.4827586206896552,0.36,0.2727272727272727,0.4538518939604992,0.5623866301863634
0.5611052072263549,0.5134032634032634,0.46293888166449937,0.6036758917216738,0.33962264150943394,0.3728813559322034,0.21428571428571427,0.46153846153846156,0.4411814271602006,0.5615789105187979
0.5701345045292342,0.48151848151848153,0.4149715215622457,0.6034504196456326,0.3235294117647059,0.3670886075949367,0.4,0.17647058823529413,0.41714544185631636,0.5541216589364234
0.5704656862745098,0.46392172849571955,0.45454545454545453,0.6061760515393669,0.34545454545454546,0.2619047619047619,0.3076923076923077,0.3157894736842105,0.41574375119885953,0.5560153575042124
0.5723308270676691,0.4705318639195017,0.42357723577235773,0.6033699771367722,0.23943661971830985,0.3333333333333333,0.3,0.4666666666666667,0.4261558154518263,0.5533696958660944
