Home,Work,Other,Commuting,Amenity,Leisure,Shop,Tourism,macro avg,weighted avg
0.49374687343671836,0.4741605144081924,0.4835820895522388,0.6282052494679593,0.5049019607843137,0.4298780487804878,0.44285714285714284,0.3333333333333333,0.47383315157754835,0.5670061826535198
0.5126195028680688,0.47208352246936,0.49133480825958703,0.6243519897449432,0.42160278745644597,0.43312101910828027,0.36046511627906974,0.2826086956521739,0.4497734302297411,0.5657788400637711
0.5023800805565727,0.4662863070539419,0.47572347266881027,0.6272901596704069,0.44015444015444016,0.44410876132930516,0.4,0.3,0.45699290267918463,0.5646658054961812
0.4882953181272509,0.45666529096161784,0.4663749797439637,0.6311429182629665,0.3782894736842105,0.46296296296296297,0.4117647058823529,0.5416666666666666,0.479645289536499,0.5626871685868875
0.49766102914717525,0.47780269058295965,0.49471420892313206,0.6280143369175627,0.44510385756676557,0.4720812182741117,0.330188679245283,0.5333333333333333,0.4848624192487904,0.5681409159574508
