Home,Work,Other,Commuting,Amenity,Leisure,Shop,Tourism,macro avg,weighted avg
0.5133376707872479,0.4842249657064472,0.4919148936170213,0.6183723966655406,0.5416666666666666,0.45229681978798586,0.4434782608695652,0.2727272727272727,0.4772523683534684,0.566873306544552
0.5169294990723562,0.4738452126032426,0.4931827865360034,0.6154763214849052,0.4391304347826087,0.4032258064516129,0.381294964028777,0.35135135135135137,0.45930454703885715,0.5619054131265028
0.5171668667466987,0.4891049279249078,0.47949252693778244,0.6201652862002662,0.463302752293578,0.4618834080717489,0.3764705882352941,0.3225806451612903,0.4662708751964457,0.5660669860868089
0.5072518365040497,0.4666301969365427,0.4750141429379596,0.6222000714675293,0.373134328358209,0.46503496503496505,0.3728813559322034,0.5172413793103449,0.47492353456022546,0.5619055975437083
0.5100749765698219,0.4753572470107903,0.5008909126905563,0.618935328740925,0.47639484978540775,0.4491017964071856,0.3448275862068966,0.2857142857142857,0.4576621228907336,0.5647186727769232
