Home,Work,Other,Commuting,Amenity,Leisure,Shop,Tourism,macro avg,weighted avg
0.15084556477345246,0.12206667338100513,0.14872448979591837,0.9256156773544464,0.05930656934306569,0.09227467811158799,0.04027777777777778,0.03153153153153153,0.19633037025859815,0.592136410243427
0.15591397849462366,0.1097597152180362,0.1827550221758414,0.9184220352757704,0.05545454545454546,0.10236220472440945,0.038821954484605084,0.13877551020408163,0.21278312075398914,0.5902551143506585
0.10866372980910426,0.08972561586220709,0.14605280270516321,0.9469032385726536,0.03152364273204904,0.090625,0.02717391304347826,0.05429864253393665,0.186870823157324,0.5934883720930233
0.14228276031837203,0.1391644123835287,0.13530628069268544,0.9316760578941553,0.06508355321020229,0.1032719836400818,0.03230148048452221,0.06086956521739131,0.20124451173011737,0.5948446625515981
0.12648061009248743,0.09207991075955785,0.15667841754798276,0.9425700405935982,0.027958993476234855,0.06605691056910569,0.02997275204359673,0.028112449799196786,0.18373876061022004,0.5936229430400041
