Home,Work,Other,Commuting,Amenity,Leisure,Shop,Tourism,macro avg,weighted avg
0.26362640372500684,0.20019157088122605,0.1249277038750723,0.9038487630591109,0.02411873840445269,0.05982905982905983,0.024861878453038673,0.02586206896551724,0.2034082733990606,0.5922781483727512
0.2822020309994655,0.16984769616348563,0.10452143276570758,0.910365296803653,0.033271719038817,0.05034324942791762,0.008823529411764706,0.05042016806722689,0.20122439033475475,0.5920485106814838
0.2842479813877104,0.18556304138594804,0.14431239388794567,0.8967986326049799,0.020446096654275093,0.06118143459915612,0.0160857908847185,0.024793388429752067,0.20417859497931073,0.5872311107708796
0.2610036445192038,0.2145550527903469,0.11051289317086993,0.9036383784282944,0.0389344262295082,0.024943310657596373,0.024922118380062305,0.046875,0.20317310302198524,0.5898264236084404
0.2607206466639266,0.18801455102431552,0.15432464454976302,0.8952137546468402,0.03353057199211045,0.08470588235294117,0.018808777429467086,0.0603448275862069,0.21195795703069636,0.5862317906407116
