Home,Work,Other,Commuting,Amenity,Leisure,Shop,Tourism,macro avg,weighted avg
0.256803628601921,0.16986248305248886,0.11071534579994063,0.9139142335766424,0.037698412698412696,0.07398568019093078,0.02601156069364162,0.049586776859504134,0.20482226518418525,0.5916162489196197
0.29796027196373814,0.22437673130193905,0.12938159019663723,0.8868579361406757,0.01838235294117647,0.06511627906976744,0.02865329512893983,0.008064516129032258,0.20734912160898827,0.588865315303801
0.3338343809784094,0.14958502219648717,0.09496236247828604,0.8962443711991087,0.048327137546468404,0.10465116279069768,0.021604938271604937,0.1015625,0.21884648443263277,0.5895821555224341
0.2901575891622892,0.2087369420702754,0.10216627634660422,0.8998783568821933,0.026915113871635612,0.06451612903225806,0.008823529411764706,0.09022556390977443,0.21142743758584936,0.5900025833118058
0.29961675335340815,0.17470104633781763,0.12761442861473174,0.8962632197414806,0.028199566160520606,0.0728643216080402,0.009771986970684038,0.0,0.20112891534833538,0.5883972161628752
