Home,Work,Other,Commuting,Amenity,Leisure,Shop,Tourism,macro avg,weighted avg
0.13416846162566604,0.1005125284738041,0.1580098414434117,0.9504736509718616,0.05,0.08085912823752368,0.03975058456742011,0.01,0.1904717744149609,0.605684243231973
0.1278829604130809,0.10764419735927727,0.15835556467610643,0.9479780216675848,0.06246134817563389,0.06337135614702155,0.0432300163132137,0.04113924050632911,0.19400783815728095,0.6023792150721881
0.12441517934500086,0.10398403535029577,0.18915398327163033,0.9460465640996715,0.06242274412855377,0.06358024691358025,0.025974025974025976,0.031055900621118012,0.19332908496298457,0.6059522341431332
0.15464568737797174,0.12086432872830323,0.17397610332205263,0.9376071646190254,0.06297229219143577,0.08194701170671596,0.036243822075782535,0.04854368932038835,0.20210001241770945,0.6048585866079745
0.12760096125666726,0.11449041230596334,0.17453090507726268,0.947136626461521,0.06805640711220111,0.04542701393095094,0.032599837000814993,0.006825938566552901,0.18958351271399176,0.6053064429474728
