Home,Work,Other,Commuting,Amenity,Leisure,Shop,Tourism,macro avg,weighted avg
0.15680492339252516,0.12970811675329869,0.18680457608525308,0.937544993520933,0.06155778894472362,0.06446776611694154,0.04734299516908213,0.047619047619047616,0.20398127595022558,0.606745331227353
0.14992817030168473,0.17043898509867098,0.19616924405369338,0.9277135337746232,0.07832545577312626,0.08046817849305048,0.05377358490566038,0.055944055944055944,0.21409515104307067,0.6089309500079175
0.15670641833043011,0.13386764005713378,0.19742111164504245,0.9352099236641221,0.06698564593301436,0.08638360175695461,0.0453257790368272,0.10839160839160839,0.21628646610189162,0.6126200171853402
0.14531423713295402,0.13294470083394058,0.1820488423723438,0.938418541897557,0.08639455782312926,0.05912040374909877,0.025431425976385105,0.0711864406779661,0.20510739380792184,0.6073375419140925
0.1505268774176337,0.14233694772616928,0.2140348076001916,0.9329145164909132,0.06724949562878278,0.06985294117647059,0.05655042412818096,0.07903780068728522,0.21406297635695343,0.6122282225874618
