Home,Work,Other,Commuting,Amenity,Leisure,Shop,Tourism,macro avg,weighted avg
0.12213851761846901,0.12017219426423331,0.14084286385712047,0.943342368176402,0.04202127659574468,0.10993788819875776,0.02497918401332223,0.04784688995215311,0.19391014783452534,0.5988927304019374
0.12430435853238118,0.1153961674776236,0.131271099945042,0.944795617361989,0.05600870038064165,0.06756756756756757,0.03691813804173355,0.1,0.19703270616337235,0.5973848317182772
0.1228702651982814,0.11958500182016746,0.1494115776081425,0.9457832117268126,0.04408482142857143,0.08379888268156424,0.028309741881765195,0.032327586206896554,0.19077138606902513,0.60213124808341
0.12026130852222112,0.10765694931655982,0.136558627264061,0.9490196078431372,0.0655379574003277,0.1128084606345476,0.018333333333333333,0.04449648711943794,0.19433409142920324,0.5994860273298043
0.09913086665011174,0.10735550610452878,0.13137858415681192,0.954818317042074,0.055105348460291734,0.0701219512195122,0.027633851468048358,0.0847457627118644,0.1912862734766554,0.5990040532715692
