Home,Work,Other,Commuting,Amenity,Leisure,Shop,Tourism,macro avg,weighted avg
0.1678381135925632,0.14172835990888383,0.18821760524876982,0.9321030103150656,0.06602564102564103,0.0890713834491472,0.048324240062353856,0.016666666666666666,0.2062468775336364,0.6086032231425231
0.1538152610441767,0.14454482279360667,0.18229701073944865,0.9356328657993983,0.07482993197278912,0.08618504435994931,0.05057096247960848,0.04113924050632911,0.2086268924619133,0.6066752478007428
0.15849361751285163,0.12814482217945977,0.2028657616892911,0.9318460648964224,0.07045735475896168,0.09074074074074075,0.040584415584415584,0.037267080745341616,0.20754998226343557,0.607588276400707
0.18686114620420352,0.15678356358483883,0.19877063333103115,0.9197806402244612,0.07241813602015114,0.09242144177449169,0.04612850082372323,0.042071197411003236,0.214404407421738,0.6065979177485966
0.16212414278178303,0.14968041019877784,0.19046633554083886,0.9334697182798448,0.09196811771919068,0.056329497274379164,0.05704971475142624,0.027303754266211604,0.20854896135155654,0.6090424432780923
