Home,Work,Other,Commuting,Amenity,Leisure,Shop,Tourism,accuracy,macro avg,weighted avg
0.21580762090000885,0.2017820576678289,0.23443681032687902,0.7478274476491725,0.14516129032258066,0.17412451361867703,0.10943912448700409,0.15463917525773194,0.6038036679394618,0.2479022550287354,0.5236791366706952
0.2075360745465237,0.2161764705882353,0.23574698293799418,0.7459992023681801,0.12045690550363447,0.12092027822364901,0.07741935483870967,0.0893854748603352,0.601124839103736,0.22670509298340769,0.5205887927579514
0.19508817283722651,0.1601953311100524,0.2624290126531832,0.7441068037090829,0.1375,0.1444788441692466,0.11284840244731476,0.14249363867684478,0.6008139104698483,0.23739252570036892,0.5168030623434109
0.22958115183246072,0.23012924493747058,0.2562841804224575,0.7469715592396742,0.12526096033402923,0.1491183879093199,0.1326259946949602,0.024539877300613498,0.6024845232501587,0.23681391958387324,0.5298736257293818
0.21853288820716413,0.2032405393649413,0.2754189115713509,0.7480321230321231,0.12306101344364012,0.08653326122228232,0.006314127861089187,0.03257328990228013,0.6037607967929909,0.2117132693256089,0.5259205781784436
