Home,Work,Other,Commuting,Amenity,Leisure,Shop,Tourism,accuracy,macro avg,weighted avg
0.15816785442468692,0.15978808852430998,0.11748571428571428,0.7401632750860019,0.008920606601248885,0.08325266214908035,0.0,0.11673151750972763,0.5926738886234812,0.17306371482259622,0.48660996780397914
0.1649130046076611,0.1769780626078383,0.22446734020206063,0.7404340800908338,0.0,0.0671273445212241,0.0,0.04291845493562232,0.5937803692905733,0.17710478587065503,0.4996298021599746
0.1831896551724138,0.1680447673933016,0.1570072585147962,0.7421921882745846,0.033989266547406076,0.08235294117647059,0.03225806451612903,0.04633204633204633,0.595420343344293,0.1806707734908935,0.4975843247467863
0.1865159467097295,0.1734363319212559,0.18479408658922913,0.7417585315681208,0.02361489554950045,0.13020833333333334,0.033426183844011144,0.08403361344537813,0.5948321963817549,0.1947234903700698,0.5012682667593705
0.1528323051037577,0.16666666666666669,0.20428510818837506,0.7390376491872096,0.0196078431372549,0.08216432865731463,0.01949860724233983,0.10380622837370243,0.5918033430632093,0.18598734206957762,0.49382076594308066
