Home,Work,Other,Commuting,Amenity,Leisure,Shop,Tourism,accuracy,macro avg,weighted avg
0.21534025948203014,0.17999360818152763,0.23981014535746073,0.7453291376625027,0.1596806387225549,0.15179606025492468,0.09672131147540983,0.18041237113402062,0.6002229861562761,0.2461354415338039,0.5190932289778344
0.2047154723211061,0.2082735384039434,0.27757220964267965,0.7495718326844005,0.1440536013400335,0.1587301587301587,0.13772893772893774,0.2105263157894737,0.6054286166714793,0.26139650833009165,0.5298923951123276
0.2235717961914565,0.19305747704691234,0.2746031746031746,0.7482530012542555,0.12020033388981635,0.17061611374407584,0.0,0.16524216524216523,0.6059139985803415,0.23694300774648208,0.529616326743529
0.20460017417140514,0.19796473042159154,0.2530802919708029,0.7462952517690493,0.1444321940463065,0.12330456226880394,0.09011857707509882,0.13218390804597702,0.6018582694865406,0.23649746122112938,0.5221756170528556
0.19702323589249388,0.19132586611096639,0.26553833838412716,0.7467095604662147,0.007989347536617843,0.12375000000000001,0.15099925980754997,0.03896103896103896,0.6042357360882836,0.21528708089487614,0.5220907806501267
