Home,Work,Other,Commuting,Amenity,Leisure,Shop,Tourism,macro avg,weighted avg
0.49140154772141015,0.4817104585265327,0.5079051383399209,0.6004859761177451,0.45454545454545453,0.4387755102040816,0.0,0.36585365853658536,0.4175847179989663,0.5488808011701313
0.4705651491365777,0.482094897045658,0.458146182115149,0.6068345478232238,0.0,0.4533333333333333,0.0,0.3125,0.34793426368174274,0.5374371613583349
0.48209854661467566,0.47141518275538896,0.5057553956834533,0.6062401432164017,0.3877551020408163,0.3157894736842105,0.4444444444444444,0.5,0.4641872860549239,0.5514869954473948
0.47892190739460955,0.46113074204946997,0.4732287723093564,0.607928182368368,0.3333333333333333,0.43352601156069365,0.5714285714285714,0.3448275862068966,0.46304063833141235,0.5486037795564463
0.48922800718132853,0.4561482820976492,0.4791044776119403,0.6030326482643965,0.4230769230769231,0.41,0.4117647058823529,0.5,0.4715443805143238,0.5470885850941274
