Home,Work,Other,Commuting,Amenity,Leisure,Shop,Tourism,macro avg,weighted avg
0.49016064257028114,0.4533698085053469,0.49170305676855897,0.6213387567095707,0.45,0.3784355179704017,0.44692737430167595,0.3409090909090909,0.4591055309668658,0.5597670485232166
0.4904853538593115,0.4425806451612903,0.49207383279044514,0.6192669961764432,0.37540453074433655,0.38831615120274915,0.31952662721893493,0.38095238095238093,0.4385758147632365,0.5549234724215099
0.48585881811910786,0.4871423397319812,0.47995626822157433,0.6161025650512918,0.4370860927152318,0.44025157232704404,0.3472803347280335,0.39436619718309857,0.4610055235096704,0.5583289295326068
0.47784235379585904,0.4401521216973579,0.4684519442406456,0.6260492928053969,0.36585365853658536,0.4088397790055249,0.3401360544217687,0.23529411764705882,0.42032741526877465,0.5541660345303121
0.4744368266405485,0.44981949458483755,0.4857890148212729,0.6237112913169252,0.3927392739273927,0.40404040404040403,0.1,0.35714285714285715,0.41095989530927973,0.5536044121755928
