Home,Work,Other,Commuting,Amenity,Leisure,Shop,Tourism,macro avg,weighted avg
0.47941567065073043,0.4484076433121019,0.4937698509650623,0.6184016203215326,0.3883495145631068,0.33418367346938777,0.31891891891891894,0.3723404255319149,0.4317234147165945,0.5532519089712299
0.48758908822806585,0.46207087486157256,0.4681445603576751,0.6268964185317911,0.4161290322580645,0.3526448362720403,0.3081967213114754,0.425531914893617,0.44340043083928776,0.5590437229336317
0.4822380106571936,0.46515151515151515,0.4699262708575863,0.626033323339187,0.32335329341317365,0.4472049689440994,0.0,0.4461538461538462,0.4075076535645752,0.5557565900768267
0.47210401891252957,0.45129682997118153,0.4801684023930866,0.6209349701888925,0.3808139534883721,0.425531914893617,0.3475609756097561,0.4339622641509434,0.4515466662010474,0.5541865076877812
0.499457111834962,0.48999332888592395,0.4678621801329841,0.6204862731785972,0.4,0.4125,0.35172413793103446,0.35294117647058826,0.44937052605426125,0.5611967769717521
