Home,Work,Other,Commuting,Amenity,Leisure,Shop,Tourism,macro avg,weighted avg
0.0942524944339078,0.09577955337021102,0.06642543292840528,0.9645167045809359,0.0045045045045045045,0.045989304812834225,0.0,0.06944444444444445,0.1676140548844054,0.5926738886234812
0.09997498540815476,0.10838281171379692,0.14864864864864866,0.9494668936475226,0.0,0.03624733475479744,0.0,0.02304147465437788,0.17072026860341227,0.5937803692905733
0.11307890579529392,0.10224616322797032,0.09292795769993391,0.9567469393246334,0.01777362020579981,0.04735062006764374,0.016736401673640166,0.024291497975708502,0.17139401324632797,0.595420343344293
0.11580882352941177,0.10680306905370844,0.11481432882823776,0.9511452791054198,0.01224105461393597,0.07660878447395301,0.01721664275466284,0.04784688995215311,0.18031060903893534,0.5948321963817549
0.09056164838816883,0.10196038803556992,0.12981935831760583,0.9542557775610642,0.010036496350364963,0.045657015590200446,0.009985734664764621,0.05791505791505792,0.1750239346028496,0.5918033430632093
