Home,Work,Other,Commuting,Amenity,Leisure,Shop,Tourism,macro avg,weighted avg
0.13885505481120586,0.11259496201519392,0.15836075850180223,0.9378169543585724,0.10050251256281408,0.09820089955022489,0.057004830917874394,0.11904761904761904,0.21529794897066334,0.6002229861562761
0.12955465587044535,0.13443415223519936,0.19726823141533872,0.9319403461201052,0.08710330857528698,0.10241404535479151,0.08867924528301886,0.13986013986013987,0.22640676558929074,0.6054286166714793
0.14551788824869355,0.12180606252975718,0.1939772545250681,0.9297709923664123,0.07382091592617908,0.1054172767203514,0.0,0.10139860139860139,0.20896362396438284,0.6059139985803415
0.13059969916944608,0.1267913529268885,0.17182048842372344,0.9350776594548579,0.0891156462585034,0.07209805335255948,0.051771117166212535,0.07796610169491526,0.20690501480588835,0.6018582694865406
0.12271575296785381,0.11887036737336139,0.18537442120389588,0.9374018398025578,0.004034969737726967,0.07279411764705883,0.09613572101790764,0.020618556701030927,0.19474321830642416,0.6042357360882836
