Home,Work,Other,Commuting,Amenity,Leisure,Shop,Tourism,macro avg,weighted avg
0.13836299739258587,0.12976936218678817,0.15390924002186987,0.9389797207213529,0.08653846153846154,0.11307643714466203,0.06235385814497272,0.1,0.21537375964383665,0.6038036679394618
0.13161216293746414,0.14301598332175122,0.15500376222723852,0.9379493481362204,0.07173778602350031,0.07160963244613434,0.04404567699836868,0.05063291139240506,0.2007009079353853,0.601124839103736
0.1220470166926587,0.09585916898296629,0.18058412176059235,0.9392495029120189,0.0815822002472188,0.08641975308641975,0.06737012987012987,0.08695652173913043,0.2075085519113919,0.6008139104698483
0.15108533363960033,0.15579171094580233,0.17639339733407003,0.9257889441539486,0.07556675062972293,0.09118915588416512,0.08237232289950576,0.012944983818770227,0.20889157491319815,0.6024845232501587
0.1419611980540414,0.13127765680972114,0.19219094922737306,0.9342510903692338,0.07296137339055794,0.04845548152634767,0.0032599837000814994,0.017064846416382253,0.19267782243671733,0.6037607967929909
