Shopping,Community,Food,Entertainment,Travel,Outdoors,Nightlife,accuracy,macro avg,weighted avg
0.43848980108957303,0.3685908130352575,0.5063913093547273,0.22808132147395174,0.1158380317785751,0.17933545744196633,0.2734931950745301,0.4183956869792518,0.3014599898926545,0.3899170009107601
0.43129260368223227,0.3765672287073066,0.4966547378248017,0.23450381679389312,0.11817726589884826,0.1474838066766318,0.27325959661678595,0.412424192755286,0.2968484366000714,0.38439247476214383
0.452146418582026,0.367260579064588,0.50843123151922,0.21469284357188093,0.12506154603643527,0.18864382918817457,0.26776315789473687,0.4210682102216668,0.30342851512243735,0.3938666542002107
0.4438032955055459,0.3736454269614217,0.508538157946153,0.2327390599675851,0.1226993865030675,0.18313253012048192,0.28314028314028317,0.4221965699208443,0.30681402002064834,0.39598764994530194
0.44041051956382293,0.3722496632240683,0.5119297427527785,0.2335586969883221,0.13229974160206717,0.15662078785002373,0.25781792911744267,0.4212164354534318,0.30069815444264647,0.39315113264129187
