Shopping,Community,Food,Entertainment,Travel,Outdoors,Nightlife,accuracy,macro avg,weighted avg
0.42007664729880084,0.37715041905602115,0.5450740866417826,0.226775956284153,0.16459830176355322,0.20758768790264853,0.2285215874400349,0.43237368114097874,0.3099692409124278,0.39965660417965626
0.38991323210412154,0.3908683592916578,0.5394022484233617,0.20943396226415092,0.14522821576763487,0.19203413940256045,0.24600355239786859,0.42700282500932785,0.3018405299501937,0.3898420002493612
0.40266935280785704,0.3880463871543265,0.5531359872972667,0.1912568306010929,0.128099173553719,0.24059040590405906,0.2494371904547501,0.43391267031434394,0.3076050468247245,0.39905853208316633
0.3940834653988378,0.3839862247094275,0.5436442835322735,0.21550094517958412,0.17100868403473615,0.23736263736263735,0.25326723749436686,0.4307128221718969,0.3141219253874091,0.3984944902836019
0.4043099025141098,0.3871509552802856,0.5395273023634882,0.22062350119904076,0.15560314061384722,0.21076233183856502,0.2654402102496715,0.4296493323200521,0.31191676343700114,0.3995512095658006
