Shopping,Community,Food,Entertainment,Travel,Outdoors,Nightlife,macro avg,weighted avg
0.42612656981039154,0.3978391356542617,0.41620393740535083,0.461439588688946,0.44313725490196076,0.4095634095634096,0.44142259414225943,0.42796178430951143,0.4221711491220864
0.4251978394674036,0.39862700228832953,0.405951926745517,0.45229681978798586,0.4097222222222222,0.4157303370786517,0.4397905759162304,0.4210452462151914,0.41643710944212387
0.42025545382615576,0.40645797387231947,0.4272379289503727,0.42641509433962266,0.38023952095808383,0.3941176470588235,0.41872427983539096,0.41049255697725273,0.41709669343165007
0.4367743563856638,0.3941472336534065,0.42138324051288695,0.4698952879581152,0.36253776435045315,0.4033970276008493,0.4339250493096647,0.4174371371101485,0.4213923988328692
0.43084839357429716,0.40627297231070814,0.4214331413947537,0.46454767726161367,0.39143730886850153,0.3340080971659919,0.4192090395480226,0.409679518589127,0.41845096728263637
