Shopping,Community,Food,Entertainment,Travel,Outdoors,Nightlife,macro avg,weighted avg
0.44198751300728406,0.42410714285714285,0.4411387770047602,0.4129353233830846,0.35,0.3795811518324607,0.35792349726775957,0.4010962007646417,0.4208156540969488
0.4409690279055504,0.43702290076335876,0.42569029689258203,0.45491803278688525,0.3322784810126582,0.36486486486486486,0.4091580502215657,0.4092716649210665,0.42277604028020377
0.41760250718203185,0.445468509984639,0.44780093655311726,0.3867403314917127,0.2735294117647059,0.42118863049095606,0.39628040057224606,0.398372961148487,0.41942374551082745
0.42531356898517675,0.435546875,0.43809263311451496,0.4014084507042254,0.3450134770889488,0.4186046511627907,0.40373563218390807,0.40967361260565205,0.4223734915732038
0.43656509695290857,0.41160714285714284,0.440117769968658,0.44315992292870904,0.3244047619047619,0.38315217391304346,0.3695121951219512,0.40121700909245356,0.4203681918732521
