Shopping,Community,Food,Entertainment,Travel,Outdoors,Nightlife,macro avg,weighted avg
0.40023557126030623,0.33955520254169974,0.7130807931340634,0.15630885122410546,0.107600341588386,0.14285714285714285,0.16784112748238308,0.2896398614411552,0.43237368114097874
0.349453219927096,0.3535314550366654,0.7360071834780006,0.13602941176470587,0.09292035398230089,0.1303088803088803,0.17587301587301588,0.28201764576723787,0.42700282500932785
0.3887673231218089,0.3437376531015409,0.7232685748183301,0.12704174228675136,0.08363309352517985,0.1683884297520661,0.18199737187910645,0.2881191697835405,0.43391267031434394
0.3671259842519685,0.3433410315627406,0.716202116559845,0.14728682170542637,0.11367673179396093,0.1656441717791411,0.1845042678923178,0.2911115893636286,0.4307128221718969
0.3764930721452461,0.3654379706698375,0.6969469093096706,0.14687100893997446,0.10234741784037558,0.14536082474226805,0.20710868079289133,0.2915094120628948,0.4296493323200521
