Shopping,Community,Food,Entertainment,Travel,Outdoors,Nightlife,macro avg,weighted avg
0.4515918580375783,0.34334852880232075,0.6464765265118102,0.15147679324894514,0.06662735849056604,0.1148018648018648,0.19812206572769953,0.28177785651725495,0.4183956869792518
0.43756463288521197,0.3568209750102417,0.6395511921458625,0.15828524319868095,0.06904622586307782,0.08964264082374318,0.19820670127418594,0.27844537302871486,0.412424192755286
0.48927490459270956,0.3349583587243551,0.6277257030093735,0.1434617012272535,0.07483794932233354,0.12399753238741518,0.19680851063829788,0.28443780855739115,0.4210682102216668
0.45106216603675225,0.35517099299546767,0.6411469110257169,0.15467470917707885,0.07384615384615385,0.11845386533665836,0.21012416427889208,0.28635413752810285,0.4221965699208443
0.45040671739700866,0.34348456598301225,0.6519200316706255,0.15599343185550082,0.07960199004975124,0.10229386236825791,0.18615153035624687,0.28140744709720045,0.4212164354534318
