displacement F-score,home F-score,other F-score,accuracy,macro_avg_fscore,weighted_avg_fscore
0.1325243185977078,0.09462915601023018,0.8260954707796748,0.7077966523551739,0.35108298179587094,0.6130077818757281
0.18323586744639375,0.09875891206759968,0.8247393525763089,0.706510887876708,0.3689113773634341,0.6177911080117956
0.15318818040435458,0.06923855998526839,0.8263400095597815,0.7078516339971528,0.34958891664980146,0.6130142607338728
0.16608275731464825,0.1396798652064027,0.8240671091094331,0.7058075854818209,0.37660991054349474,0.6220717341385258
0.14080785201963006,0.14818599897802762,0.8229868815520632,0.7037520853662376,0.3706602441832403,0.6185343697245999
