home,work,other,displacement,amenity,leisure,shop,tourism,accuracy,macro avg,weighted avg
0.37839773430124674,0.22174911759762456,0.18624967240324974,0.7161690746824035,0.0014970059880239522,0.025839793281653745,0.011325028312570783,0.0,0.5777749073457668,0.19265342832084664,0.5136671344866612
0.36413565838253464,0.18660176170607323,0.15648055378449768,0.7184951177484205,0.02859292701279157,0.07306711979609176,0.0024630541871921183,0.0,0.5778993828763156,0.19122952407720017,0.5051484428776138
