home,work,other,displacement,amenity,leisure,shop,tourism,macro avg,weighted avg
0.517127858350387,0.4275221430114496,0.4138198757763975,0.599688416645367,0.16666666666666666,0.5555555555555556,1.0,0.0,0.4600475645007279,0.5402251877695609
0.5235932872655479,0.46105383734249716,0.38331102186523874,0.5946260710423426,0.37254901960784315,0.5443037974683544,0.5,0.0,0.422429629323978,0.5383047948145342
