home,work,other,displacement,amenity,leisure,shop,tourism,macro avg,weighted avg
0.2983572895277207,0.14969742813918305,0.12016683575696088,0.8888067105619194,0.0007518796992481203,0.013227513227513227,0.0056947608200455585,0.0,0.18458780221657387,0.5777749073457668
0.27912851278812756,0.11697181052019762,0.0983062485694667,0.9075508316253423,0.01486697965571205,0.039162112932604735,0.0012345679012345679,0.0,0.18215263299908568,0.5778993828763156
