Home,Work,Other,Commuting,Amenity,Leisure,Shop,Tourism,accuracy,macro avg,weighted avg
0.2023512276321265,0.15040540540540542,0.253239241092087,0.7474177697553149,0.022058823529411763,0.03971631205673759,0.007677543186180421,0.01923076923076923,0.6032332992660039,0.18026213648600412,0.5118570312141075
0.195101261796204,0.24893455543230777,0.2596515203279809,0.7513789581205312,0.09327680193821926,0.06381534283774609,0.03287671232876713,0.033112582781456956,0.6077572957515579,0.20976846694540166,0.5287350219989168
0.2899570501690578,0.2249185077870337,0.27870894677236696,0.7537446947437153,0.12736660929432014,0.11831340465701701,0.08257638315441784,0.12084592145015108,0.6116673515896439,0.24955393975350998,0.5464537682995338
0.2149652867060941,0.194251095643207,0.2383264400887131,0.7510406934990815,0.08368708308065494,0.04532967032967032,0.023070097604259095,0.032362459546925564,0.6068598617537418,0.1978791033123257,0.5214383272593779
0.23799969131038742,0.23739583957796292,0.24749676051360586,0.7544166881277362,0.08424908424908426,0.04751921733053809,0.05759162303664922,0.0438871473354232,0.6116459262737732,0.21381950643517342,0.5347764496902065
