Home,Work,Other,Commuting,Amenity,Leisure,Shop,Tourism,accuracy,macro avg,weighted avg
0.2856125756468626,0.13436421882700836,0.20039937874417574,0.723278543818561,0.004597701149425288,0.0,0.0,0.04148148148148149,0.5733414025266662,0.17371673745843932,0.4902965038327679
0.2418204697986577,0.1363012844494326,0.1870033150174833,0.7267619841542267,0.00379794910748196,0.0,0.0,0.040697674418604654,0.5766686771719793,0.16704783461823589,0.48488016106036347
0.24839249901792548,0.13650018775816747,0.1636493228795438,0.7267832066925463,0.011278195488721806,0.0,0.0,0.04643962848297214,0.5764888031006015,0.16663038003998462,0.48400970808995747
0.25439120317937525,0.15071069589615516,0.19868607954545453,0.7265203233454254,0.00546021840873635,0.0,0.0,0.060518731988472615,0.5761922789641165,0.17453590654545242,0.48913873906089683
0.2516553533502686,0.14284385175996278,0.17221007582453368,0.7263425101127848,0.003832886163280951,0.0,0.0,0.057971014492753624,0.5754891578157292,0.16935696146294804,0.48580819524339847
