Home,Work,Other,Commuting,Amenity,Leisure,Shop,Tourism,accuracy,macro avg,weighted avg
0.270203033464409,0.2432501928516328,0.26756345426874173,0.749882823663904,0.010152284263959392,0.07808857808857808,0.025914634146341462,0.04430379746835443,0.606297474305618,0.21116984977699013,0.5373374413220183
0.2074627554079609,0.22698706099815158,0.2871046228710462,0.7496030961326591,0.018094089264173704,0.14007003501750875,0.06583760058522312,0.06285714285714286,0.6063309092995991,0.21975205039173326,0.5288065467459028
0.264822460776218,0.1800069905627403,0.3028022127505215,0.7504245064576437,0.0024676125848241822,0.05386416861826698,0.012769353551476459,0.05309734513274336,0.6066017182554363,0.20253183130430433,0.5332852977238991
0.2792727855197822,0.24641037517369155,0.26908415599648133,0.7489982164778912,0.027446300715990454,0.08896396396396397,0.040880503144654086,0.08211143695014662,0.6054603457229765,0.22289596724282518,0.5387511270190272
0.21858681085077872,0.22477704953260988,0.2779580997344349,0.7512394582162024,0.12192622950819673,0.06036446469248292,0.043478260869565216,0.019867549668874173,0.6085630450055792,0.21477474038414313,0.5306065024749071
