Home,Work,Other,Commuting,Amenity,Leisure,Shop,Tourism,accuracy,macro avg,weighted avg
0.4358656857746376,0.20726659512494253,0.15101740622701643,0.7181480229807368,0.0036968576709796672,0.1082089552238806,0.005494505494505494,0.01694915254237288,0.5845209217707702,0.205830897629884,0.523610306775623
0.3875982381898264,0.30467216332940716,0.24539877300613502,0.7249352501782965,0.05695142378559464,0.11545623836126628,0.005813953488372093,0.0,0.592429086111534,0.23010325504236226,0.5398150851520732
0.44240196078431376,0.3161838161838162,0.3246592317224288,0.7062503808730626,0.027681660899653977,0.0898876404494382,0.005291005291005292,0.10071942446043165,0.5773558906836102,0.2516343900830188,0.5456228493368664
0.3916644402885386,0.2750739446087658,0.16314057357780912,0.726489189037927,0.036630036630036625,0.04536082474226805,0.0,0.03076923076923077,0.591313488705997,0.208641029956822,0.5282919340227188
0.40149902052636055,0.3143593347388147,0.2593910636615263,0.7121436614709892,0.09653092006033183,0.11741682974559686,0.0,0.03305785123966942,0.5786515405440248,0.24179983518041112,0.538253294361119
