Home,Work,Other,Commuting,Amenity,Leisure,Shop,Tourism,accuracy,macro avg,weighted avg
0.23100972672533576,0.15396302861483918,0.18923030118649226,0.7389725229694173,0.02831858407079646,0.08966861598440547,0.0,0.0,0.5915541096497335,0.1788953474439108,0.5039446108092004
0.21425955316811132,0.16172638436482087,0.2437683631883234,0.7396451245885408,0.01412180052956752,0.08686868686868687,0.005319148936170213,0.059040590405904064,0.5927186376969866,0.19059370650626564,0.5074272934020772
0.13594679733986698,0.1574397339983375,0.22915254237288138,0.7419897379856742,0.008613264427217915,0.07954545454545453,0.0,0.017699115044247787,0.5938834023574386,0.17129833071421005,0.494917026637417
0.23845690174804096,0.22100103965542847,0.24017719568567028,0.7409082043371101,0.03633360858794384,0.08971962616822429,0.0,0.016736401673640166,0.5951513757364312,0.19791662223200726,0.5192792757177446
0.1897372367477342,0.17543572539072091,0.20132876988121604,0.7415590045955084,0.007352941176470587,0.04807692307692308,0.0,0.0,0.594071850911283,0.17043632510857165,0.5014438005965455
