Home,Work,Other,Commuting,Amenity,Leisure,Shop,Tourism,accuracy,macro avg,weighted avg
0.3057793693424848,0.24727481353987374,0.08681497558328811,0.7266054395234212,0.05154639175257731,0.07659574468085106,0.026315789473684213,0.04580152671755726,0.5869896791906045,0.1958417563267172,0.5048856868256245
0.36095325389550875,0.2814569536423841,0.07801792303637324,0.7227863822326125,0.01092896174863388,0.09387755102040816,0.005649717514124293,0.08275862068965517,0.5868203778022034,0.2045536704724625,0.5133232518511334
0.39344554279098765,0.24166179052077238,0.1196112633939696,0.7227318874019382,0.02054794520547945,0.12062256809338522,0.023323615160349854,0.05970149253731343,0.5884000616744617,0.21270576313802447,0.5188597998221186
0.43409253233870326,0.29049979900844164,0.12240717029449422,0.7209410128635996,0.06315789473684211,0.14626391096979333,0.0,0.028985507246376812,0.5886592611728235,0.22579347843228137,0.5321523114857353
0.38631287411775217,0.35302013422818795,0.27239024390243904,0.7154526483156116,0.016736401673640166,0.15619047619047619,0.0182370820668693,0.018018018018018018,0.5839306118209203,0.2420447348141243,0.5429805801681264
