Home,Work,Other,Commuting,Amenity,Leisure,Shop,Tourism,macro avg,weighted avg
0.42124155405405406,0.4754953076120959,0.4616526472043543,0.6101605573205305,0.47058823529411764,0.48936170212765956,0.0,0.0,0.3660625004516015,0.5378792181862462
0.4477040816326531,0.4582371942778034,0.4457538994800693,0.6116905131299202,0.24242424242424243,0.42574257425742573,0.4,0.3076923076923077,0.41740560161180273,0.5396685777125267
0.4790330537740503,0.46330724070450097,0.44878603945371776,0.6065068110763734,0.2631578947368421,0.4375,0.0,0.4,0.38728637996818555,0.5395854060550908
0.4492391551215081,0.4269727403156385,0.47127739984882844,0.6186795777254623,0.2972972972972973,0.5217391304347826,0.0,0.2222222222222222,0.3759284403707174,0.5403389221875755
0.4832281634008635,0.4542372881355932,0.43956043956043955,0.6087204088314424,0.26666666666666666,0.44642857142857145,0.0,0.0,0.3373551922529471,0.5382949381805999
