Home,Work,Other,Commuting,Amenity,Leisure,Shop,Tourism,macro avg,weighted avg
0.4619393939393939,0.38629117959617426,0.44136043784206413,0.5943075069313649,0.375,0.0,0.0,0.3111111111111111,0.32125120367751353,0.5124872123272214
0.501391546355888,0.3862873299169465,0.4358594411515665,0.5916037499144636,0.3125,0.0,0.0,0.3888888888888889,0.3270663695284692,0.5175668354911536
0.4907278817090107,0.4074350831309546,0.4224730127576055,0.5913011109838506,0.7142857142857143,0.0,0.0,0.39473684210526316,0.3776199556215499,0.5226331649066442
0.4837118245888802,0.39630290254580836,0.43038461538461537,0.59404084873822,0.3181818181818182,0.0,0.0,0.5121951219512195,0.3418521414238202,0.5165040681009777
0.48479743281187326,0.3844099482557169,0.41953762466001815,0.5928177214157084,0.3333333333333333,0.0,0.0,0.43478260869565216,0.3312098336465378,0.5139193066079175
