Home,Work,Other,Commuting,Amenity,Leisure,Shop,Tourism,macro avg,weighted avg
0.6010950332420806,0.476506357103372,0.5047318611987381,0.594252073545618,0.19230769230769232,0.35294117647058826,0.14705882352941177,0.3,0.3961116271746876,0.5598771052471218
0.5775887356996187,0.4649042844120328,0.519298245614035,0.5970369923360087,0.6,0.38333333333333336,0.2,0.2857142857142857,0.4534844846386643,0.5624285732190883
0.5648171823063155,0.4990936555891239,0.4293381037567084,0.5998958141815285,0.13043478260869565,0.36904761904761907,0.21052631578947367,0.6666666666666666,0.43372751749326643,0.5526760076647973
0.5095956772871251,0.4931756141947225,0.4887525562372188,0.6139144736842105,0.20689655172413793,0.2804878048780488,0.0,0.4,0.37410283475068296,0.5517419089282868
0.5562130177514792,0.4397993311036789,0.3822562979189485,0.6198002754820937,0.23529411764705882,0.3228346456692913,0.13636363636363635,1.0,0.4615701652420233,0.5519277845915306
