Home,Work,Other,Commuting,Amenity,Leisure,Shop,Tourism,macro avg,weighted avg
0.4625,0.4382064109690569,0.47498692696531286,0.6325859491778775,0.5,0.5037593984962406,0.5862068965517241,0.4375,0.5044681977700265,0.5625460844085168
0.5290519877675841,0.47282728272827285,0.47445600756859035,0.6246633646584682,0.36585365853658536,0.332541567695962,0.3191489361702128,0.3235294117647059,0.4302590271112977,0.5640229657150339
0.4643115679745186,0.49282296650717705,0.4471076593465453,0.6310627331820454,0.6666666666666666,0.5227272727272727,0.38095238095238093,0.5294117647058824,0.5168828765078111,0.5655508521957135
0.4613654405927494,0.4503386004514673,0.4601370549891359,0.6332853519775173,0.26136363636363635,0.5163398692810458,0.4482758620689655,0.4375,0.4585757269655647,0.5578706383566538
0.5166011358671909,0.4779529358007768,0.4840698869475848,0.625766348773842,0.3707165109034268,0.5047619047619047,0.45901639344262296,0.3333333333333333,0.47152730622883526,0.5685115745466471
