Home,Work,Other,Commuting,Amenity,Leisure,Shop,Tourism,macro avg,weighted avg
0.4655360199159795,0.5188027628549501,0.49597423510466987,0.6139449776893198,0.5,0.4264705882352941,0.5,0.5,0.5025910729750267,0.5585607181499883
0.547985347985348,0.4743276283618582,0.4390613171839515,0.6154164807851634,0.30357142857142855,0.31,0.25,0.0,0.3675452753609687,0.5561279157410073
0.502348234475561,0.45005332385353713,0.3586584531143053,0.6302661155826264,0.2,0.4,0.2,0.3888888888888889,0.39127687698936486,0.5445000050935382
0.536996336996337,0.4793814432989691,0.4786206896551724,0.6095163562372828,0.1724137931034483,0.25,0.0,1.0,0.4408660774114012,0.5534424693383652
0.5306168392615939,0.4048265460030166,0.39001189060642094,0.6194027286161037,0.20512820512820512,0.3488372093023256,0.0,0.4,0.36235292736470825,0.539699988036701
