Home,Work,Other,Commuting,Amenity,Leisure,Shop,Tourism,macro avg,weighted avg
0.5365517241379311,0.4849673202614379,0.48365002209456476,0.6144286553383551,0.45,0.3684210526315789,0.5714285714285714,0.16666666666666666,0.45951425156988823,0.5654757162394504
0.5186020293122886,0.4522698345354264,0.47273481235745385,0.6264090691361968,0.45294117647058824,0.44339622641509435,0.5142857142857142,0.3125,0.4741423578140953,0.5659913486569706
0.45589080459770115,0.46997981836528757,0.47564746810977965,0.6393929323141686,0.3964285714285714,0.42152466367713004,0.32894736842105265,0.4444444444444444,0.45403200891976697,0.5650849717567363
0.503129513721714,0.47614533965244865,0.48833210513387376,0.6213928150765606,0.3854748603351955,0.4782608695652174,0.5,0.35714285714285715,0.47623479507848343,0.5648447753198862
0.5205941931127617,0.4580152671755725,0.4719227313566936,0.6305073072038915,0.45695364238410596,0.4788732394366197,0.38823529411764707,0.25,0.4568877093484115,0.5685378390240773
