Home,Work,Other,Commuting,Amenity,Leisure,Shop,Tourism,macro avg,weighted avg
0.1908513773948532,0.16835136674259682,0.18623564789502461,0.9205810118588169,0.005128205128205128,0.04232469993682881,0.013250194855806703,0.023333333333333334,0.19375697964318322,0.606297474305618
0.12903040734366036,0.1493398193189715,0.2058280320131336,0.9370171052445725,0.00927643784786642,0.08871989860583017,0.0367047308319739,0.03481012658227848,0.19884081972353587,0.6063309092995991
0.18523652746491076,0.11011332050459696,0.22891814068284658,0.9254720573096611,0.0012360939431396785,0.028395061728395062,0.006493506493506494,0.027950310559006212,0.18922687733575785,0.6066017182554363
0.20024118525324452,0.1696068012752391,0.190137440430969,0.916450566112599,0.014483627204030227,0.04867529266789895,0.0214168039538715,0.045307443365695796,0.2007898950329435,0.6054603457229765
0.13862024500322373,0.14694106904544496,0.19495033112582782,0.9396496611686486,0.07296137339055794,0.03210175651120533,0.022819885900570498,0.010238907849829351,0.19478540374941355,0.6085630450055792
