Home,Work,Other,Commuting,Amenity,Leisure,Shop,Tourism,macro avg,weighted avg
0.20670951644834973,0.08132597509135656,0.12962856650783627,0.9237399083569714,0.002313030069390902,0.0,0.0,0.022222222222222223,0.1707424023370159,0.5733414025266662
0.15933337018406943,0.08274974448271946,0.11903798346534081,0.9419637182443843,0.0019105846388995033,0.0,0.0,0.02147239263803681,0.1658084742066813,0.5766686771719793
0.16627913414161546,0.08198323497349923,0.10147916789439566,0.9428034003853283,0.005683971201212581,0.0,0.0,0.024671052631578948,0.16536249515345375,0.5764888031006015
0.172575643282206,0.09304804690474378,0.1291551246537396,0.9350495377093175,0.0027537372147915028,0.0,0.0,0.03215926493108729,0.17059266933698572,0.5761922789641165
0.16993335395517561,0.08771996648129808,0.10834064969271291,0.9375034561574902,0.0019275250578257518,0.0,0.0,0.031055900621118012,0.16706010649570258,0.5754891578157292
