Home,Work,Other,Commuting,Amenity,Leisure,Shop,Tourism,macro avg,weighted avg
0.40975075321829635,0.12950191570881225,0.08906882591093117,0.8649540952467097,0.0018552875695732839,0.06196581196581197,0.0027624309392265192,0.008620689655172414,0.19605997627681673,0.5845209217707702
0.2998396579369321,0.22440717177559283,0.17028772753963595,0.8818721461187214,0.031423290203327174,0.07093821510297482,0.0029411764705882353,0.0,0.21021367314347156,0.592429086111534
0.3952374435472834,0.2436958614051973,0.2965478211658178,0.8030673996396729,0.01486988847583643,0.05063291139240506,0.002680965147453083,0.05785123966942149,0.23307294130538597,0.5773558906836102
0.308242220353238,0.19287330316742082,0.09832813828279965,0.8990211469203065,0.020491803278688523,0.024943310657596373,0.0,0.015625,0.19494061533250626,0.591313488705997
0.32292094807507876,0.2569404556768141,0.1943127962085308,0.8375464684014869,0.0631163708086785,0.07058823529411765,0.0,0.017241379310344827,0.22033333172188146,0.5786515405440248
