Home,Work,Other,Commuting,Amenity,Leisure,Shop,Tourism,macro avg,weighted avg
0.205042689434365,0.16695719542901413,0.04749183734045711,0.9348083941605839,0.02976190476190476,0.04295942720763723,0.014450867052023121,0.024793388429752067,0.18328321297696717,0.5869896791906045
0.26249833355552593,0.20182034032449545,0.04217725847819892,0.9156409069875058,0.0055147058823529415,0.053488372093023255,0.0028653295128939827,0.04838709677419355,0.19154904295102373,0.5868203778022034
0.30185843126537304,0.15942868172167535,0.06948465547191662,0.9088250313355926,0.011152416356877323,0.07209302325581396,0.012345679012345678,0.03125,0.1958047398024493,0.5884000616744617
0.3780757533867846,0.20588793922127255,0.06996487119437939,0.8731636567792646,0.037267080745341616,0.0989247311827957,0.0,0.015037593984962405,0.20979020331185008,0.5886592611728235
0.295921160689844,0.2948430493273543,0.21157926644437708,0.8460164512338425,0.008676789587852495,0.10301507537688442,0.009771986970684038,0.00909090909090909,0.2223643360902185,0.5839306118209203
