Home,Work,Other,Commuting,Amenity,Leisure,Shop,Tourism,macro avg,weighted avg
0.1591416719846841,0.09185215026689496,0.11900510204081632,0.9367263024364638,0.014598540145985401,0.04935622317596566,0.0,0.0,0.17133499875635128,0.5915541096497335
0.14082811747713048,0.09819044793829725,0.1677537177145839,0.935291145913414,0.007272727272727273,0.048368953880764905,0.002677376171352075,0.0326530612244898,0.17912944344909495,0.5927186376969866
0.07921357480828846,0.09483276587222111,0.15385615814800363,0.9554119121429985,0.0043782837127845885,0.04375,0.0,0.00904977375565611,0.16756155855499402,0.5938834023574386
0.16230409452695496,0.14908325819056206,0.16115275264926338,0.9233233896806983,0.019349164467897976,0.049079754601226995,0.0,0.008695652173913044,0.18412350828631457,0.5951513757364312
0.11804316079831251,0.10871108406855289,0.1305653479566523,0.9485592599986691,0.003727865796831314,0.02540650406504065,0.0,0.0,0.16687665283550734,0.594071850911283
