Home,Work,Other,Commuting,Amenity,Leisure,Shop,Tourism,macro avg,weighted avg
0.12468747996666453,0.08900439824070372,0.1715248393668704,0.9538786414756275,0.011306532663316583,0.020989505247376312,0.003864734299516908,0.01020408163265306,0.17318252661159114,0.6032332992660039
0.12015149536371947,0.17172774869109947,0.17897794175366982,0.9386394449318127,0.05199189736664416,0.03438185808339429,0.016981132075471698,0.017482517482517484,0.19129175446854116,0.6077572957515579
0.21258207155299477,0.14783367719409618,0.19710075284318437,0.9179071246819338,0.0758714969241285,0.06881405563689605,0.047214353163361665,0.06993006993006994,0.21715670024083317,0.6116673515896439
0.1366817081943627,0.12201441178851914,0.15762765620044403,0.9490515427488395,0.04693877551020408,0.023792357606344627,0.011807447774750226,0.01694915254237288,0.18310788154572966,0.6068598617537418
0.15426170468187275,0.1602201003398608,0.16773111927191442,0.9389403506522644,0.04640215198386012,0.025,0.03110273327049953,0.024054982817869417,0.19346414287726768,0.6116459262737732
